initial_mass,Gaia_G,Gaia_BP,Gaia_RP
0.13095495900062748,12.874858,14.729421,11.59422
0.13532249680687747,12.746411,14.548711,11.477724
0.1398648948970553,12.613371,14.36238,11.357388
0.14428855113520533,12.484271,14.182666,11.240827
0.14854731984757258,12.360374,14.011456,11.12906
0.1601955938183167,12.164947,13.756812,10.949336
0.17436977152735295,11.952339,13.486698,10.752536
0.18802950307687055,11.748092,13.230544,10.563008
0.20053102661193634,11.563869,13.002581,10.391768
0.20666301205029838,11.492067,12.913046,10.32544
0.21286128902559404,11.419606,12.823249,10.258456
0.21868993489847932,11.351583,12.739447,10.19553
0.22459439096608552,11.282728,12.655099,10.131789
0.23080436072248284,11.210383,12.566978,10.064768
0.23665924759569384,11.142244,12.484426,10.001596
0.24237813672860511,11.075722,12.404239,9.939882
0.24854666751061516,11.003949,12.318163,9.873245
0.25621374885405707,10.924311,12.221725,9.799788
0.2641368750922954,10.844573,12.125567,9.726258
0.27222776785325276,10.763584,12.028877,9.651372
0.2800031466273073,10.685701,11.936295,9.579326
0.2876730920615944,10.608808,11.845211,9.508171
0.29540529361050066,10.531204,11.753561,9.436342
0.30179175598144137,10.467308,11.677805,9.377389
0.30641953107279485,10.42155,11.622771,9.335533
0.3102663340046882,10.383645,11.577243,9.300859
0.31116508103130924,10.37504,11.56697,9.292963
0.31205318310153196,10.366554,11.556842,9.285175
0.3130095512681885,10.357566,11.546089,9.276937
0.3139466170242754,10.348766,11.535565,9.268873
0.31488451628437575,10.339976,11.525056,9.260817
0.315855368334695,10.33095,11.514256,9.252547
0.3168314973298356,10.321914,11.503444,9.24427
0.317766557187253,10.313212,11.493048,9.236295
0.31879099552234474,10.303806,11.48179,9.227682
0.31980883640013297,10.294465,11.470617,9.219127
0.3231800466125059,10.264688,11.435101,9.191814
0.3272052782625902,10.229181,11.392775,9.159242
0.3320353421198474,10.187791,11.343464,9.121266
0.33794804176597926,10.137322,11.283829,9.074755
0.34232174216407785,10.101242,11.240698,9.041722
0.3458571794134404,10.075045,11.20893,9.017935
0.34927377998764475,10.044239,11.173367,8.989193
0.3532185560594697,9.998923,11.123371,8.945915
0.35738467876502333,9.952018,11.071319,8.901275
0.3608637075383606,9.916208,11.031016,8.867466
0.3631830246307591,9.896088,11.00772,8.848773
0.36558386016593253,9.876092,10.984361,8.830297
0.3678818165984946,9.858322,10.963268,8.814042
0.37003833276013876,9.840247,10.942226,8.797322
0.37264874842013507,9.820751,10.919051,8.779519
0.37531269437929043,9.801017,10.895536,8.761534
0.3778537170042157,9.782221,10.873142,8.744413
0.38082620277918694,9.760082,10.846848,8.724221
0.3884264303293748,9.702465,10.778892,8.6715
0.40181211432353003,9.599489,10.65803,8.577173
0.42079883742320817,9.449123,10.482553,8.439307
0.43905483737341716,9.304699,10.314646,8.306917
0.4546512833632404,9.178946,10.168498,8.191848
0.4668352016176081,9.076296,10.048764,8.098289
0.4794345640273329,8.970569,9.925758,8.001863
0.49146703941460157,8.869994,9.80905,7.910046
0.5030216247309408,8.772118,9.695334,7.820896
0.5161517408672782,8.656055,9.55957,7.716036
0.528857919655406,8.544305,9.429548,7.615014
0.5416374859860822,8.432368,9.299869,7.513791
0.553399524627072,8.328246,9.179073,7.419971
0.5633432058648333,8.237471,9.07287,7.338896
0.572884498024719,8.150442,8.971206,7.261176
0.5826028629565024,8.061778,8.867683,7.182022
0.5929895131745976,7.966887,8.756859,7.097352
0.602432239303731,7.878968,8.653392,7.019557
0.6103474245547479,7.801376,8.560071,6.9524
0.6179835103301936,7.726606,8.470395,6.887683
0.6256117273618231,7.651972,8.381107,6.823075
0.634122899417853,7.568759,8.28179,6.751024
0.6423112196503553,7.488744,8.186515,6.681703
0.6502006042379722,7.411682,8.094949,6.614888
0.657812390332168,7.337324,8.006778,6.550366
0.6653790767879764,7.263329,7.919257,6.486124
0.6738448818653091,7.180536,7.821596,6.414191
0.682014624458336,7.100729,7.727734,6.344781
0.6898864863024495,7.024005,7.63776,6.277976
0.6974817101177716,6.950212,7.551477,6.213654
0.7057092033356036,6.877263,7.465834,6.150361
0.7155241769469304,6.794224,7.368423,6.078456
0.7248764102291291,6.71558,7.276541,6.010202
0.7338082166463591,6.64089,7.189601,5.945267
0.7425933913061661,6.567817,7.10482,5.881643
0.7511893652046717,6.496688,7.022527,5.81964
0.7604522051654327,6.420423,6.934507,5.753105
0.769501436551987,6.346318,6.849191,5.688333
0.7781559728892018,6.275835,6.768314,5.626451
0.786566534445015,6.207686,6.690344,5.566495
0.795183026118265,6.138187,6.611036,5.505386
0.8039851707533818,6.067498,6.53054,5.44345
0.8127322751183348,5.997547,6.451022,5.382556
0.8211085580073672,5.930839,6.375318,5.324818
0.8291640642311721,5.866958,6.302992,5.269238
0.8377282561551993,5.79927,6.226526,5.209968
0.8462400430321841,5.732256,6.150995,5.150913
0.8545969273951199,5.66671,6.07721,5.092791
0.8626113569301568,5.604084,6.006761,5.036923
0.8706889157938764,5.541163,5.936003,4.980668
0.8790403813600633,5.476316,5.863202,4.9232
0.8872123401219618,5.413079,5.792299,4.867555
0.8950644752849175,5.352507,5.724453,4.814464
0.9030668064335988,5.294569,5.659973,4.763354
0.9116407921064557,5.238816,5.598626,4.713412
0.9199143615301681,5.185037,5.539486,4.665116
0.9279082147416211,5.133116,5.482427,4.61845
0.9361764319535445,5.079362,5.423405,4.570123
0.9444113382568363,5.02581,5.364657,4.521963
0.9523621741586038,4.974107,5.307988,4.475458
0.9603844215400732,4.921839,5.250766,4.428415
0.9684744735550832,4.86902,5.193012,4.380847
0.9762854739989055,4.817979,5.137258,4.334858
0.9859357643459694,4.75656,5.070458,4.279263
0.9970684072780884,4.686826,4.994876,4.21596
1.006143373152534,4.630579,4.934048,4.164814
1.01468295070703,4.577785,4.877052,4.116735
1.0221866625908453,4.531517,4.827154,4.074553
1.0281925360119577,4.494828,4.787642,4.041047
1.0340887553260214,4.458815,4.748879,4.008135
1.0401046360241433,4.422002,4.709289,3.974451
1.0477316921935784,4.376041,4.65993,3.932305
1.0554769553456145,4.329175,4.609645,3.889259
1.063932783931269,4.278588,4.55542,3.842748
1.0737068510542724,4.220771,4.493564,3.789548
1.0834225079892557,4.163011,4.43188,3.736365
1.0930225150389248,4.105672,4.370746,3.683527
1.096377318694357,4.08553,4.3493,3.664944
1.0996766991475107,4.065696,4.328193,3.646642
1.1052178158654176,4.033379,4.293835,3.61678
1.110808378412877,4.000774,4.259194,3.586637
1.116353071832061,3.968328,4.22475,3.556613
1.1208254027857703,3.942204,4.197032,3.532423
1.1233514622761367,3.927695,4.181644,3.518981
1.125859697618416,3.913296,4.166377,3.505636
1.128421853957858,3.898562,4.150768,3.491963
1.1309702267079165,3.883918,4.135261,3.478366
1.1335008429383553,3.869389,4.119878,3.464871
1.1360301690474472,3.854876,4.104519,3.451382
1.1385963408980124,3.840159,4.08896,3.437683
1.1443874563186625,3.807915,4.054937,3.407578
1.1556325720331202,3.746056,3.989766,3.349692
1.163953474937969,3.701917,3.943434,3.308192
1.169936126798878,3.67167,3.911836,3.279568
1.1760445268930775,3.641227,3.880122,3.250656
1.1827599576434904,3.608827,3.846542,3.219675
1.1901985727893671,3.573792,3.810397,3.185971
1.1975812994604893,3.539314,3.774958,3.15264
1.2227298071147867,3.419415,3.652033,3.036413
1.2281227243189674,3.394187,3.62671,3.011342
1.2335003820865467,3.369069,3.601604,2.986249
1.2388478095985038,3.34428,3.576885,2.961406
1.2528054441662588,3.280485,3.51389,2.896732
1.2650632157149044,3.225773,3.460355,2.840658
1.274215075036293,3.186178,3.422065,2.799523
1.2816141915680104,3.154396,3.391496,2.766312
1.2861817915944194,3.135435,3.37339,2.746337
1.290655313070467,3.116894,3.355759,2.726724
1.2950302181577258,3.099137,3.339,2.707798
1.2993187370591048,3.081671,3.322572,2.68913
1.3043473749964534,3.060834,3.302949,2.666893
1.309468944334844,3.039959,3.28341,2.644495
1.3144836842055843,3.019578,3.264432,2.62254
1.3194000052094106,2.999256,3.245527,2.600646
1.323643500474416,2.982188,3.229718,2.582166
1.3277423008169449,2.965557,3.214296,2.564167
1.3317502950063411,2.948541,3.1984,2.545878
1.3356625165305465,2.931054,3.181906,2.527255
1.3394799054300266,2.913064,3.164728,2.508334
1.3426257405540516,2.896748,3.148831,2.491538
1.3454456494497125,2.880241,3.132395,2.474955
1.3479276242580958,2.863395,3.115246,2.458479
1.3500572554975874,2.846517,3.097698,2.442404
1.3517906643511375,2.83002,3.08018,2.427118
1.353173965349726,2.814099,3.062972,2.412708
1.3542686476239303,2.798796,3.04618,2.399136
1.355148959835913,2.784032,3.029786,2.386239
1.3558487317228467,2.769747,3.013772,2.373921
1.3564051315438586,2.755838,2.99809,2.362061
1.3568648182620526,2.742207,2.982663,2.350541
1.357248110786152,2.728787,2.967441,2.339272
1.3575673208695698,2.715518,2.95238,2.328181
1.3578316834224862,2.702388,2.937471,2.317244
1.3580539116846102,2.689356,2.922688,2.306405
1.3582436901269417,2.676383,2.908001,2.295611
1.3584063247538103,2.663466,2.893409,2.284852
1.3585457934711356,2.650595,2.878906,2.274112
1.3586657721287898,2.637785,2.864511,2.263395
1.358769636847617,2.625073,2.850266,2.252731
1.3588603474843381,2.61248,2.836193,2.242137
1.3589399328899592,2.600054,2.822346,2.231647
1.3590101541458217,2.587843,2.808778,2.221304
1.3590723238177351,2.575931,2.795573,2.211186
1.3591279918696328,2.564392,2.782835,2.20132
1.359178117825535,2.553419,2.770762,2.191893
1.3592233055399847,2.543164,2.759514,2.183041
1.359264347253118,2.533879,2.749363,2.174986
1.3593017967001293,2.525777,2.740536,2.167918
1.359336073356634,2.519074,2.733263,2.162024
1.359367267213363,2.514281,2.728093,2.157762
1.3593961508384476,2.511211,2.724818,2.154984
1.3594225396881237,2.510156,2.723752,2.153943
1.359447087333917,2.510547,2.724281,2.154142
1.359470296415889,2.512085,2.726087,2.155302
1.359494275382844,2.515147,2.729588,2.157742
1.3595210658998396,2.51923,2.734297,2.160935
1.3595519291775806,2.523642,2.73955,2.164155
1.359587911682424,2.526871,2.743813,2.165928
1.359630558839513,2.527713,2.745855,2.165091
1.3596807435622575,2.525263,2.744669,2.16089
1.3597396694852393,2.520165,2.740828,2.15407
1.3598112803990374,2.513865,2.735766,2.14609
1.3599021357072256,2.5078,2.730931,2.138368
1.3600217320551475,2.502572,2.726958,2.131468
1.3601889649214742,2.497789,2.723446,2.125002
1.3604253498293568,2.494007,2.720984,2.119488
1.3607609315525733,2.490143,2.718424,2.113929
1.3612323124838839,2.486193,2.715816,2.10825
1.3618413993444083,2.481627,2.712628,2.101927
1.362568328007617,2.476421,2.708838,2.094933
1.3633731811891099,2.470792,2.704668,2.08748
1.3642316386796458,2.464922,2.700306,2.079743
1.3651146076451,2.459058,2.696014,2.071957
1.3660120126480417,2.453307,2.691908,2.064211
1.366906645607105,2.447784,2.688093,2.056642
1.3677721507375327,2.442543,2.68459,2.049343
1.3685942970476066,2.437835,2.681669,2.042542
1.3693900591393526,2.433566,2.679243,2.036134
1.371685187940625,2.423188,2.674709,2.018801
1.3737642807345622,2.416828,2.674399,2.00507
1.3756352595414008,2.414196,2.677994,1.994804
1.377310773636951,2.415365,2.685586,1.988165
1.3788106822002375,2.420174,2.697009,1.985108
1.3801607222607697,2.428546,2.712187,1.985561
1.3814297180521193,2.440201,2.730754,1.989276
1.3825694058566131,2.455425,2.752997,1.996538
1.3836020952284385,2.474134,2.778771,2.007334
1.3845418587238538,2.496078,2.807834,2.021399
1.3854051990519247,2.521069,2.839966,2.038585
1.3862063425870155,2.54863,2.874687,2.058418
1.3869596645901057,2.578488,2.911697,2.080651
1.3876777755910217,2.610238,2.950595,2.104867
1.3883727840269318,2.643446,2.990973,2.130609
1.3890571605650344,2.677614,3.032368,2.157335
1.389746392581959,2.712203,3.074265,2.184347
1.3904625675954465,2.746448,3.115933,2.210842
1.3912157101523936,2.779881,3.156973,2.236429
1.392034784265341,2.81135,3.196303,2.260062
1.392954948244978,2.839261,3.2324,2.280282
1.3940111581594048,2.861459,3.263146,2.295108
1.3952602918623693,2.87393,3.284315,2.300059
1.3967103778849517,2.872437,3.291131,2.29104
1.3982974897049498,2.855772,3.281858,2.267468
1.3999280970137622,2.826362,3.258492,2.232283
1.4015617508968423,2.788686,3.225852,2.189734
1.4031740312012924,2.745909,3.187122,2.143025
1.4047110921843933,2.70003,3.144726,2.093732
1.4061895632569374,2.652153,3.099844,2.042884
1.4076314983187537,2.602834,3.053244,1.990887
1.4090138065173106,2.552576,3.005474,1.938223
1.410331457263082,2.501617,2.956832,1.885062
1.4115957050272445,2.450123,2.907498,1.831546
1.4128211724137962,2.398354,2.857826,1.777844
1.414013124151961,2.346349,2.807838,1.724003
1.415162857114368,2.294352,2.757917,1.670138
1.4162555013776228,2.242126,2.707698,1.61613
1.417308422992745,2.189896,2.657496,1.562118
1.4183246178563405,2.137669,2.607314,1.508114
1.419285767094516,2.085583,2.557374,1.454179
1.4202248302042748,2.03354,2.507525,1.400266
1.4211299711131786,1.981233,2.457374,1.346138
1.4220000841137148,1.929092,2.407465,1.292126
1.4228378175301304,1.87713,2.357813,1.238243
1.423637328955334,1.825251,2.308274,1.184428
1.4244080217079578,1.773562,2.259004,1.130751
1.4251344182426777,1.721929,2.209811,1.077119
1.4258299357345017,1.67049,2.160897,1.023617
1.4264890556124568,1.619236,2.112248,0.970237
1.4271280692815183,1.568047,2.063775,0.916839
1.4277413370857275,1.516901,2.015367,0.863464
1.4283265832180312,1.46604,1.967372,0.810258
1.4288862298277811,1.415282,1.919526,0.757108
1.4294219286036849,1.364716,1.871952,0.704067
1.429935770275586,1.314265,1.824532,0.651108
1.4304269008711887,1.263998,1.777363,0.598284
1.4309051514817335,1.213915,1.730435,0.545602
1.431366629830851,1.163934,1.683634,0.493008
1.431803474914751,1.114167,1.637129,0.440569
1.4322273031210742,1.064455,1.590677,0.388193
1.4326404113270859,1.014991,1.544565,0.336
1.4330416927349305,0.965655,1.498612,0.283917
1.4334291491613431,0.916378,1.452727,0.231898
1.4338043782074763,0.867337,1.407164,0.180054
1.4341725471432396,0.818548,1.361938,0.128406
1.43453855567775,0.769917,1.316918,0.076891
1.4349277879458504,0.721462,1.272099,0.025543
1.4353925949545956,0.673352,1.227631,-0.025449
1.4362933714811668,0.629095,1.186339,-0.072033
1.43725601978531,0.586851,1.146829,-0.116409
1.4377052364224057,0.53893,1.102797,-0.167359
1.4380304335133767,0.491233,1.05924,-0.218264
1.4382986509397657,0.44351,1.015697,-0.269208
1.4385328507999153,0.3963,0.972913,-0.319812
1.4387745328814392,0.349113,0.93015,-0.370378
1.4390093773681039,0.302022,0.887517,-0.420862
1.4392313673259671,0.255248,0.845325,-0.471109
1.4394442108563232,0.208725,0.80349,-0.521174
1.4396495999842924,0.162192,0.761634,-0.571224
1.4398471198807825,0.116067,0.720326,-0.620958
1.4400364543444577,0.070112,0.679265,-0.670564
1.4402224467528815,0.024166,0.638195,-0.720129
1.4403993349547666,-0.021645,0.597321,-0.769584
1.4405699766992026,-0.067003,0.557082,-0.8187
1.4407346391221034,-0.11217,0.51712,-0.867667
1.4408917608755385,-0.157141,0.477433,-0.916482
1.4410437240999758,-0.201879,0.438075,-0.965118
1.4411888746797166,-0.246353,0.399191,-1.01361
1.4413291322106154,-0.290226,0.361188,-1.061676
1.4414634079704662,-0.33415,0.323116,-1.109779
1.4415931519386729,-0.377879,0.285262,-1.157724
1.4417172009307904,-0.421338,0.24776,-1.205441
1.4418368789431775,-0.464786,0.210328,-1.253077
1.4419515253255917,-0.508123,0.173053,-1.300618
1.4420622343290765,-0.551185,0.136151,-1.347933
1.4421685328585219,-0.59379,0.09991,-1.394906
1.4422710013368714,-0.636379,0.063738,-1.441866
1.4423699095247398,-0.678546,0.0282,-1.488517
1.442464366032534,-0.72018,-0.006559,-1.534766
1.4425556524932341,-0.761618,-0.040952,-1.580888
1.4426438734494256,-0.802763,-0.074872,-1.626791
1.4427283087594684,-0.843115,-0.107645,-1.672163
1.4428099408268136,-0.883151,-0.139933,-1.717327
1.4428886738518751,-0.92284,-0.171626,-1.762275
1.4429642042077901,-0.961834,-0.202274,-1.806724
1.4430374590074624,-1.00058,-0.23241,-1.851049
1.4431077818876923,-1.03881,-0.261967,-1.894992
1.4431755225305967,-1.076906,-0.291588,-1.938788
1.4432409533633048,-1.114803,-0.321041,-1.982434
1.4433041650006513,-1.152454,-0.35024,-2.025865
1.4433649987831532,-1.189606,-0.378707,-2.068933
1.4434238808135051,-1.226535,-0.406792,-2.111813
1.4434804972575292,-1.262614,-0.433499,-2.154083
1.4435354879105409,-1.298497,-0.459658,-2.196232
1.4435883679695816,-1.33364,-0.484442,-2.237861
1.4436395798477732,-1.368196,-0.507973,-2.279076
1.4436890223668346,-1.401771,-0.529639,-2.319535
1.44373682475187,-1.434631,-0.54967,-2.359727
1.4437830080307004,-1.466403,-0.56754,-2.399162
1.443827810345103,-1.497558,-0.583798,-2.438083
1.4438709281384163,-1.526955,-0.596688,-2.475935
1.4439126188792737,-1.555331,-0.607971,-2.513256
1.4439530396032971,-1.583389,-0.618665,-2.550591
1.4439921691376199,-1.610344,-0.627332,-2.587433
1.4440299640114502,-1.636605,-0.63483,-2.623876
1.4440665521015346,-1.662078,-0.640899,-2.659837
1.4441020541425251,-1.687344,-0.646449,-2.695629
1.4441364456894625,-1.711675,-0.650156,-2.730755
1.4441697195309704,-1.735116,-0.652057,-2.765154
1.4442019345570962,-1.757501,-0.651793,-2.798653
1.4442332296892675,-1.779283,-0.649897,-2.831551
1.444263284684225,-1.799729,-0.645138,-2.863239
1.444292707252934,-1.819093,-0.637713,-2.893873
1.4443212330674489,-1.836904,-0.626751,-2.923031
1.4443489075642717,-1.853385,-0.612419,-2.950839
1.4443757433451452,-1.868022,-0.593633,-2.97688
1.4444017830426263,-1.879695,-0.567612,-3.000562
1.4444271404117686,-1.888869,-0.535106,-3.022327
1.444451748085346,-1.895159,-0.49567,-3.04186
1.444475662526469,-1.899279,-0.450727,-3.059713
1.4444988597549977,-1.901018,-0.400048,-3.075724
1.444521395616505,-1.901333,-0.345343,-3.09069
1.4445433712792193,-1.900436,-0.287433,-3.10469
1.4445647291349692,-1.898417,-0.226823,-3.117741
1.444585530847453,-1.895182,-0.163556,-3.129734
1.4446056908461375,-1.890402,-0.097397,-3.140335
1.4446254849751134,-1.885666,-0.031371,-3.150784
1.4446448676479196,-1.88051,0.034895,-3.160612
1.4446641644845228,-1.875542,0.100076,-3.17026
1.4446857741883032,-1.870581,0.164137,-3.1795
1.4446864154489902,-1.871843,0.15426,-3.178698
1.4446864259902368,-1.900331,-0.097528,-3.152654
1.444686443489363,-1.926463,-0.523839,-3.073905
1.4446864702980733,-1.850197,-0.696334,-2.913386
1.4446865151389239,-1.707065,-0.708403,-2.692566
1.4446865924517636,-1.524835,-0.644717,-2.446913
1.4446867282287728,-1.297797,-0.491471,-2.173767
1.4446869709738421,-1.052884,-0.308866,-1.887311
1.444687408763658,-0.786859,-0.095139,-1.586416
1.444688201983634,-0.508667,0.137439,-1.276063
1.4446895882247497,-0.221465,0.383066,-0.958404
1.4446915542301255,0.07516,0.642628,-0.63355
1.4446937629802457,0.389564,0.927551,-0.295861
1.4446970258141594,0.25489,0.812945,-0.446552
1.4446991222067924,-0.051296,0.539995,-0.77831
1.4447086737657815,-0.284771,0.333448,-1.031931
1.4447128334310029,-0.09778,0.494858,-0.825785
1.4447182597378792,0.201883,0.758942,-0.498726
1.4447312329898072,0.15778,0.722155,-0.548571
1.4447425345658074,0.158016,0.718603,-0.54535
1.4447558382234658,0.461469,0.98929,-0.215694
1.4447803266253516,0.363966,0.898846,-0.318907
1.4448120655913912,0.501167,1.025222,-0.172923
1.4448291778052706,0.463394,0.986688,-0.210037
1.444870163207094,0.387956,0.923202,-0.295234
1.444922777964744,0.46244,0.987951,-0.212821
1.4449228602182873,0.462526,0.988024,-0.212724
1.4449228650935022,0.462532,0.988029,-0.212718
1.4449228678964972,0.462534,0.988031,-0.212715
1.4449228701021477,0.462537,0.988034,-0.212712
1.4449228720308211,0.462539,0.988035,-0.21271
1.4449228738040967,0.462541,0.988037,-0.212707
1.44492287557079,0.462542,0.988037,-0.212706
1.4449228773445304,0.462545,0.98804,-0.212703
1.4449228791395958,0.462546,0.988041,-0.212702
1.4449228810024142,0.462548,0.988043,-0.212699
1.44492288295687,0.46255,0.988044,-0.212697
1.444922885043166,0.462552,0.988046,-0.212695
1.4449228872668143,0.462555,0.988048,-0.212692
1.4449228896664676,0.462558,0.988051,-0.212689
1.4449228922603663,0.46256,0.988053,-0.212686
1.4449228950959885,0.462563,0.988055,-0.212683
1.4449228982001916,0.462567,0.988059,-0.212678
1.4449229016249283,0.46257,0.988062,-0.212675
1.4449229054218349,0.462575,0.988065,-0.21267
1.444922909695918,0.462579,0.988069,-0.212665
1.4449229145835127,0.462584,0.988074,-0.212659
1.4449229203788487,0.46259,0.988078,-0.212652
1.4449229275869184,0.462597,0.988084,-0.212644
1.4449229373603458,0.462607,0.988093,-0.212633
1.4449229528417,0.462623,0.988106,-0.212616
1.444922983091959,0.46265,0.988129,-0.212584
1.4449230539456441,0.462715,0.988184,-0.212512
1.4449249158224577,0.464829,0.990028,-0.210177
1.444932192731152,0.474959,0.999016,-0.199111
1.4449738858556465,0.489829,1.012344,-0.18298
1.445070246976227,0.50044,1.021874,-0.171482
1.4454607405873534,0.491226,1.013414,-0.181313
1.4462018403604049,0.475514,0.998522,-0.197691
1.447750674464194,0.464304,0.986372,-0.208115
1.4502669747279717,0.463434,0.981939,-0.206034
1.4525608825047815,0.452663,0.969376,-0.215309
1.4546046434972173,0.437015,0.953249,-0.230548
1.4560512683627904,0.419,0.935941,-0.249137
1.4568936461870272,0.401285,0.919757,-0.268111
1.4575198115235337,0.386407,0.906244,-0.284109
1.457987001895208,0.374731,0.895753,-0.296757
1.4582625866666254,0.377003,0.897489,-0.294044
1.4585292331130937,0.358672,0.881327,-0.314157
1.4587302486616305,0.339049,0.864067,-0.335715
1.458905377875174,0.319184,0.846589,-0.357532
1.459055987966818,0.299069,0.828867,-0.379597
1.4591864848456577,0.279045,0.811346,-0.401658
1.4593011960876747,0.259031,0.793704,-0.423595
1.459398968007876,0.238592,0.775742,-0.446039
1.4594809917600493,0.218046,0.757656,-0.468568
1.4595591995263335,0.19739,0.739475,-0.491215
1.459593619969574,0.200231,0.741807,-0.487963
1.4596216300568978,0.21742,0.756784,-0.468993
1.4596942415846186,0.214288,0.754202,-0.47257
1.4597478438776068,0.193899,0.736257,-0.494922
1.4597942530228634,0.173411,0.718235,-0.517387
1.4598345660008312,0.153032,0.700405,-0.539802
1.459869250229706,0.132414,0.682275,-0.562401
1.4598986654008554,0.111926,0.664357,-0.58493
1.4599237675802854,0.091136,0.646052,-0.607685
1.4599451875677878,0.070463,0.627928,-0.630368
1.459963376285032,0.049913,0.609992,-0.652972
1.4599788316921978,0.029265,0.591933,-0.675646
1.4599919708372784,0.008656,0.573929,-0.698288
1.4600031743344335,-0.01188,0.556028,-0.720873
1.4600128304237654,-0.032553,0.537938,-0.743546
1.4600210836792566,-0.053059,0.520067,-0.766084
1.4600281351851674,-0.073646,0.50207,-0.788662
1.4600341848338019,-0.093946,0.484445,-0.811016
1.4600393868560204,-0.114317,0.466687,-0.833387
1.4600438918508185,-0.134361,0.449337,-0.85549
1.460047796742327,-0.154631,0.431636,-0.877718
1.4600512335300464,-0.174558,0.414352,-0.899656
1.4600542527707343,-0.194377,0.397175,-0.921482
1.4600569386516695,-0.214325,0.379767,-0.943352
1.4600593536210555,-0.233722,0.363039,-0.964768
1.4600619305033897,-0.256919,0.342934,-0.990296
1.460064290875122,-0.279974,0.322963,-1.015669
1.4600665603884198,-0.303574,0.302503,-1.041623
1.460068774065283,-0.32748,0.281837,-1.06795
1.4600709547020956,-0.35161,0.261031,-1.094553
1.4600731158679996,-0.375793,0.240287,-1.121286
1.460075260047213,-0.400176,0.219352,-1.148213
1.460077400231236,-0.424652,0.198355,-1.175246
1.4600795437157383,-0.448945,0.17767,-1.202179
1.4600816967177503,-0.473457,0.156731,-1.229297
1.4600838785419286,-0.497935,0.135878,-1.256406
1.4600861113044163,-0.522363,0.115132,-1.283498
1.4600884233150515,-0.546695,0.094541,-1.310534
1.4600908623560283,-0.571144,0.073808,-1.337654
1.4600935116102485,-0.595316,0.053462,-1.364568
1.4600965796184258,-0.619487,0.033086,-1.391447
1.4601008054526194,-0.643156,0.01322,-1.417818
1.4601100796058064,-0.63918,0.016415,-1.413287
1.4601147517963198,-0.614487,0.037182,-1.385802
1.4601187435996437,-0.589616,0.058072,-1.358088
1.4601229450377824,-0.564522,0.079309,-1.330226
1.4601283505688998,-0.540064,0.099816,-1.302921
1.4601372981914087,-0.515719,0.120628,-1.276021
1.4601489508543721,-0.492512,0.139987,-1.250027
1.4601630053419306,-0.468585,0.160442,-1.223576
1.4601857930820255,-0.446535,0.179326,-1.199217
1.4602304920154574,-0.432216,0.191519,-1.183342
1.4603020070157675,-0.43619,0.188022,-1.187664
1.4603927073808796,-0.437314,0.187002,-1.188865
1.4605038596247721,-0.431113,0.192444,-1.182109
1.4605957816449164,-0.450341,0.175979,-1.203358
1.4606643251552047,-0.473391,0.156294,-1.228861
1.4607245384295156,-0.49695,0.136306,-1.255015
1.4607790521654267,-0.520899,0.115985,-1.281589
1.460828942125415,-0.545057,0.0955,-1.308403
1.4608751904895187,-0.569214,0.075106,-1.33527
1.4609185897585357,-0.593456,0.054662,-1.362235
1.460959964320705,-0.617674,0.034295,-1.389203
1.460998875851321,-0.641665,0.014297,-1.416032
1.461035611480305,-0.665853,-0.00595,-1.443016
1.461069938287686,-0.689877,-0.02598,-1.469906
1.4611024625253233,-0.714021,-0.046173,-1.496878
1.4611335021431622,-0.738151,-0.066346,-1.523835
1.461163149364778,-0.762171,-0.086345,-1.550699
1.4611914834371769,-0.786094,-0.10616,-1.577474
1.461218693395717,-0.810186,-0.126203,-1.604366
1.461244642405874,-0.834146,-0.146044,-1.631166
1.4612694241983426,-0.857876,-0.165547,-1.657799
1.4612933359688678,-0.881843,-0.185364,-1.684604
1.4613164658776108,-0.905578,-0.204836,-1.71124
1.4613388285874447,-0.929182,-0.224103,-1.73778
1.4613601277665853,-0.952572,-0.243038,-1.764169
1.4613806535776686,-0.976107,-0.262148,-1.790666
1.461400399298457,-0.999323,-0.280785,-1.816933
1.4614195465245494,-1.022552,-0.29941,-1.843211
1.4614380899328305,-1.04558,-0.317718,-1.869344
1.4614560931936442,-1.068369,-0.335657,-1.895304
1.461473669299727,-1.091023,-0.35332,-1.921202
1.461490798730614,-1.113292,-0.370437,-1.946868
1.4615076246761607,-1.135529,-0.387497,-1.972515
1.461524129684796,-1.157319,-0.403899,-1.997842
1.4615403475229718,-1.178931,-0.420022,-2.023041
1.4615562503456188,-1.200328,-0.435814,-2.048086
1.4615718082425089,-1.221538,-0.45141,-2.072983
1.461587048271637,-1.242823,-0.467196,-2.097887
1.4616019619462335,-1.264033,-0.482984,-2.122716
1.4616165195174762,-1.285055,-0.498594,-2.147389
1.4616307646325257,-1.30617,-0.5144,-2.172111
1.4616446834539019,-1.327451,-0.530483,-2.196939
1.4616580939748778,-1.348216,-0.545853,-2.22139
1.4616710396111183,-1.368998,-0.561235,-2.24585
1.4616834123291593,-1.389606,-0.576334,-2.270191
1.461695174607459,-1.410191,-0.591332,-2.294528
1.4617062900975273,-1.430774,-0.606232,-2.318883
1.4617166945909226,-1.450669,-0.620045,-2.342762
1.4617265425386423,-1.470951,-0.634268,-2.366949
1.4617358959619497,-1.49123,-0.648341,-2.391155
1.461744774026843,-1.510877,-0.661343,-2.414936
1.461753283587819,-1.530409,-0.673999,-2.438649
1.46176142377728,-1.549699,-0.686105,-2.46221
1.461769132652081,-1.568118,-0.696715,-2.485119
1.4617764746911723,-1.586826,-0.707505,-2.508321
1.461783434665917,-1.604932,-0.717145,-2.531201
1.4617900996541422,-1.622865,-0.726261,-2.553992
1.4617964717962033,-1.640141,-0.734101,-2.576346
1.4618025715188474,-1.657105,-0.741173,-2.598414
1.4618083944449678,-1.673211,-0.746638,-2.619945
1.4618140071412333,-1.689302,-0.751906,-2.641666
1.4618193854546404,-1.705109,-0.756685,-2.663306
1.461824566193032,-1.720962,-0.76152,-2.685065
1.4618295030568222,-1.73603,-0.765092,-2.706356
1.461834216310803,-1.751181,-0.768748,-2.727768
1.4618388263895215,-1.765864,-0.771622,-2.748902
1.4618433530589452,-1.780554,-0.774442,-2.770072
1.4618477696286853,-1.794636,-0.776224,-2.790839
1.4618521180821078,-1.808518,-0.777592,-2.811472
1.4618563931856423,-1.822459,-0.778937,-2.832135
1.4618606165551535,-1.835999,-0.779505,-2.8525
1.4618647706742784,-1.848702,-0.778571,-2.872248
1.461868921862405,-1.861654,-0.777853,-2.892116
1.4618730092429781,-1.873712,-0.775478,-2.911299
1.4618819138103805,-1.899336,-0.768482,-2.952303
1.46189085521356,-1.92272,-0.756369,-2.991229
1.4618999774041717,-1.943686,-0.738467,-3.027804
1.461909349281226,-1.96225,-0.714412,-3.061906
1.4619190885752533,-1.976685,-0.680301,-3.092341
1.4619292840715297,-1.986625,-0.634414,-3.119281
1.4619398842740703,-1.990433,-0.574125,-3.141528
1.4619509955429901,-1.991093,-0.504905,-3.161452
1.4619628046892128,-1.987885,-0.426399,-3.178352
1.4619728855418836,-1.983885,-0.379238,-3.185652
1.4619769664665008,-1.97889,-0.312108,-3.196686
1.4619789796098834,-1.971529,-0.232781,-3.207603
1.461980804257958,-1.960636,-0.136204,-3.218134
1.461982919868397,-1.963114,-0.165891,-3.213849
1.4619832421279066,-1.971598,-0.243865,-3.204894
1.4619834023263176,-1.978031,-0.307791,-3.19671
1.46198354483069,-1.984118,-0.380626,-3.185577
1.4619837311823316,-1.988403,-0.449249,-3.172956
1.4619839681387072,-1.990333,-0.521092,-3.156071
1.4619839860351922,-1.989498,-0.588746,-3.136184
1.4619839904266474,-1.985372,-0.648347,-3.113492
1.4619839943251265,-1.973699,-0.69075,-3.085057
1.4619839981369909,-1.957709,-0.721664,-3.053211
1.4619840019837282,-1.937904,-0.743414,-3.01785
1.4619840062670395,-1.914137,-0.756488,-2.978952
1.4619840115785137,-1.921777,-0.752598,-2.99147
1.4619840139118188,-1.939487,-0.738803,-3.021853
1.461984015866285,-1.955434,-0.720654,-3.050488
1.4619840176456036,-1.969206,-0.697133,-3.077029
1.4619840193184808,-1.978151,-0.66249,-3.099801
1.4619840209306088,-1.984303,-0.620302,-3.120419
1.4619840226543301,-1.986813,-0.569298,-3.138245
1.461984024256298,-1.987041,-0.498512,-3.158037
1.4619840256117378,-1.983587,-0.418585,-3.174986
1.4619840269193511,-1.977164,-0.331502,-3.189548
1.4619840281980294,-1.969322,-0.240874,-3.202805
1.461984029458111,-1.959979,-0.147208,-3.214587
1.4619840307191583,-1.949866,-0.052651,-3.225311
1.4619840319914126,-1.939819,0.040387,-3.235454
1.4619840332941885,-1.929941,0.130851,-3.244905
1.4619840346437025,-1.918562,0.220836,-3.25209
1.4619840360660648,-1.90796,0.304893,-3.258508
1.461984037593723,-1.899547,0.379551,-3.265029
1.461984039262096,-1.886541,0.458435,-3.265968
1.4619840411563296,-1.868908,0.542578,-3.261477
1.4619840434583466,-1.847476,0.631336,-3.252379
1.46198404638653,-1.821357,0.726424,-3.238094
1.4619840507458206,-1.79092,0.82684,-3.219166
1.4619840592341085,-1.756922,0.930449,-3.19648
1.4619840980501,-1.757463,0.927324,-3.196603
1.4619841177686104,-1.784914,0.843465,-3.21489
1.4619841339306847,-1.810288,0.761171,-3.230965
1.461984148668864,-1.832321,0.683042,-3.243584
1.4619841623369092,-1.851652,0.608374,-3.253214
1.4619841742913755,-1.866192,0.540776,-3.257905
1.4619841833164255,-1.877326,0.477774,-3.258831
1.461984190893219,-1.887848,0.414228,-3.258331
1.461984200649666,-1.897231,0.342713,-3.253972
1.4619842080738654,-1.907819,0.260826,-3.248184
1.461984215295174,-1.918913,0.173013,-3.241284
1.4619842226822022,-1.93107,0.079455,-3.234023
1.4619842306701525,-1.940626,-0.011878,-3.22379
1.4619842425892045,-1.952196,-0.108787,-3.21441
1.461984258701979,-1.946161,-0.04734,-3.222008
1.4619842646636405,-1.939314,0.025981,-3.231347
1.4619842698362095,-1.930813,0.101096,-3.238887
1.4619842747892062,-1.922533,0.173882,-3.245954
1.4619842798143547,-1.915126,0.242597,-3.252934
1.4619842852262468,-1.90586,0.311537,-3.25745
1.4619842920370927,-1.898937,0.372526,-3.262739
1.4619843005549569,-1.886484,0.450368,-3.264249
1.4619843109645911,-1.869145,0.534312,-3.260175
1.461984346637451,-1.84911,0.617657,-3.251881
1.4619843865978517,-1.864859,0.548133,-3.257724
1.4619844106014899,-1.880743,0.477301,-3.262827
1.461984431549323,-1.891414,0.41358,-3.262507
1.461984453060279,-1.898782,0.353453,-3.25829
1.461984473337376,-1.908896,0.273453,-3.252428
1.4619844914191495,-1.918586,0.18904,-3.244659
1.4619845121961048,-1.929989,0.097549,-3.23702
1.4619845608580944,-1.934763,0.062608,-3.234544
1.4619845879249334,-1.926528,0.136374,-3.241999
1.4619846381142299,-1.919042,0.206861,-3.249408
1.461984741127163,-1.923963,0.15413,-3.243046
1.4619847995590605,-1.935108,0.061908,-3.234802
1.4619848661177979,-1.943157,-0.026884,-3.223274
1.4619850931988094,-1.955696,-0.125865,-3.214542
1.4619852969306202,-1.964435,-0.218287,-3.202387
1.4619855271448898,-1.973426,-0.311162,-3.190077
1.4619858037506497,-1.979771,-0.398263,-3.17551
1.4619861109315082,-1.984827,-0.481605,-3.159791
1.4619864578662918,-1.984975,-0.553623,-3.140281
1.4619868450266253,-1.982991,-0.618683,-3.119196
1.4619873000168881,-1.974588,-0.668627,-3.09324
1.4619879107782636,-1.961937,-0.707036,-3.064014
1.4619896272590196,-1.963354,-0.712895,-3.063902
1.4619904740259329,-1.977758,-0.677994,-3.094458
1.4619911756871486,-1.985964,-0.628059,-3.12028
1.4619918544240147,-1.989185,-0.565648,-3.142292
1.4619925492294188,-1.988824,-0.493462,-3.161654
1.4619932944551497,-1.984884,-0.412453,-3.178223
1.4619941466925774,-1.978101,-0.324587,-3.192492
1.4619950904412418,-1.969504,-0.232467,-3.205145
1.4619961704845483,-1.959471,-0.137511,-3.216352
1.4619979769373548,-1.947818,-0.040166,-3.225813
1.4620006223257542,-1.944275,-0.02576,-3.224928
1.462001482589363,-1.954385,-0.114295,-3.215764
1.462002045631154,-1.964054,-0.20385,-3.205527
1.4620024654886354,-1.972,-0.280665,-3.196064
1.4620033446017562,-1.974046,-0.295305,-3.194896
1.462003933901174,-1.964837,-0.201884,-3.206995
1.46200449569918,-1.954561,-0.106567,-3.217888
1.4620050978319572,-1.943274,-0.010239,-3.227463
1.4620058737331196,-1.932399,0.078979,-3.235542
1.4620065120838879,-1.923246,0.153897,-3.242096
1.4620072935020705,-1.914492,0.226928,-3.248489
1.4620081946281986,-1.905867,0.295516,-3.253777
1.4620092983656314,-1.896431,0.361739,-3.257262
1.462010607951616,-1.884475,0.429015,-3.257366
1.4620124879167944,-1.86908,0.496766,-3.25273
1.4620150662204956,-1.849114,0.564975,-3.242193
1.4620167095507675,-1.858972,0.505504,-3.242358
1.4620167613540918,-1.870781,0.443679,-3.243887
1.4620167645509805,-1.881203,0.367939,-3.240016
1.4620167668614665,-1.892171,0.286148,-3.23477
1.4620167689855297,-1.902639,0.200071,-3.227551
1.46201677106327,-1.913261,0.109864,-3.219235
1.4620167731881546,-1.926389,0.012031,-3.211895
1.4620167754884854,-1.935063,-0.070018,-3.202606
1.4620167775150115,-1.945063,-0.1504,-3.195158
1.4620167795315635,-1.951928,-0.225002,-3.185024
1.4620167815783034,-1.959088,-0.30009,-3.174893
1.4620167836863844,-1.966301,-0.374789,-3.16464
1.462016785869046,-1.968041,-0.438127,-3.150147
1.4620167882414117,-1.969623,-0.500066,-3.135458
1.4620167911854414,-1.968556,-0.555529,-3.118726
1.4620167960152095,-1.969043,-0.521351,-3.128877
1.462016797942399,-1.967312,-0.445803,-3.147179
1.4620167995442421,-1.962788,-0.36313,-3.163263
1.4620168009780055,-1.956531,-0.275961,-3.177857
1.4620168023108104,-1.947107,-0.182128,-3.189784
1.4620168035750154,-1.93626,-0.085724,-3.200227
1.4620168047920856,-1.925757,0.009049,-3.210387
1.4620168059810252,-1.914248,0.103944,-3.219038
1.4620168071526982,-1.90394,0.193819,-3.227681
1.4620168083243292,-1.893143,0.280795,-3.234726
1.4620168095047543,-1.884201,0.359429,-3.24176
1.4620168107141231,-1.873734,0.435587,-3.245746
1.462016811972444,-1.859437,0.515457,-3.244886
1.4620168133085465,-1.841212,0.599678,-3.23929
1.4620168147690908,-1.816861,0.692636,-3.227118
1.4620168164322551,-1.790088,0.78811,-3.211872
1.4620168184690117,-1.75952,0.887816,-3.192559
1.4620168215061098,-1.725163,0.990525,-3.169383
1.4620168269111797,-1.698978,1.068883,-3.152116
1.462016830579071,-1.675143,1.137957,-3.136781
1.4620168345032298,-1.656691,1.192937,-3.126257
1.462016839197878,-1.640075,1.239057,-3.116698
1.4620168452553441,-1.629008,1.2722,-3.111486
1.4620168548930177,-1.622483,1.294581,-3.109778
1.4620168879497384,-1.617778,1.302878,-3.10633
1.4620169042126439,-1.621349,1.281718,-3.104418
1.4620169148280393,-1.633099,1.243279,-3.109105
1.4620169233154838,-1.653408,1.185102,-3.120546
1.4620169329455486,-1.678174,1.114767,-3.135941
1.4620169408974932,-1.705282,1.038463,-3.154257
1.4620169494388295,-1.733832,0.955964,-3.173801
1.4620169631325108,-1.763756,0.862723,-3.193438
1.462016974980305,-1.793449,0.763804,-3.21179
1.4620170029411017,-1.815799,0.686262,-3.224783
1.4620170285598606,-1.794577,0.763155,-3.212988
1.4620170853138135,-1.771964,0.834502,-3.198396
1.4620171447006762,-1.799694,0.738191,-3.2148
1.462017190978728,-1.825808,0.642954,-3.228949
1.4620172474195101,-1.844448,0.558688,-3.235432
1.4620173291480716,-1.861987,0.474419,-3.239673
1.4620174555333363,-1.873755,0.397322,-3.237486
1.462017592351713,-1.883272,0.320057,-3.231649
1.4620177467041415,-1.893597,0.23585,-3.224807
1.4620179313925672,-1.902234,0.150532,-3.215307
1.462018146983881,-1.915327,0.053697,-3.208272
1.462018392523549,-1.925405,-0.039606,-3.198064
1.4620186712899719,-1.935514,-0.134266,-3.187269
1.4620190365457582,-1.945957,-0.228806,-3.176593
1.4620193984375323,-1.954227,-0.305984,-3.167278
1.462019766646144,-1.95849,-0.374849,-3.15479
1.4620201584339712,-1.961708,-0.440854,-3.141408
1.4620206024341211,-1.964488,-0.504861,-3.12761
1.4620212003300108,-1.965159,-0.563179,-3.112204
1.4620225015951045,-1.967206,-0.539584,-3.12146
1.4620231276107354,-1.96648,-0.466568,-3.140543
1.4620236807613662,-1.962715,-0.385797,-3.157238
1.4620242190862915,-1.955989,-0.297973,-3.17154
1.4620247764476078,-1.946321,-0.203738,-3.183367
1.4620253793584888,-1.936186,-0.108595,-3.194472
1.4620261359063065,-1.924795,-0.011781,-3.204108
1.462027025969817,-1.913414,0.083409,-3.213062
1.4620281638222847,-1.901186,0.177552,-3.220423
1.4620293828816133,-1.892511,0.250284,-3.226838
1.4620306376837984,-1.883844,0.318699,-3.232028
1.462032328219584,-1.874249,0.386029,-3.235561
1.4620342210759645,-1.878761,0.332948,-3.229052
1.4620344866512829,-1.888394,0.250607,-3.221836
1.4620346244925901,-1.899602,0.160949,-3.214515
1.4620347013171127,-1.910087,0.06935,-3.205542
1.4620347424048705,-1.921844,-0.026915,-3.19673
1.4620347626580805,-1.9326,-0.120329,-3.187082
1.4620347696389973,-1.944556,-0.218942,-3.177312
1.4620347743724924,-1.952357,-0.309437,-3.164024
1.4620347783812544,-1.958013,-0.394939,-3.148896
1.4620347820292536,-1.962899,-0.47751,-3.133029
1.4620347854803843,-1.962154,-0.547277,-3.112833
1.462034788887967,-1.95742,-0.606441,-3.089699
1.4620347923616575,-1.95016,-0.647463,-3.067785
1.4620347955767452,-1.938957,-0.676995,-3.04342
1.4620347990191178,-1.924114,-0.697863,-3.016088
1.4620348035166952,-1.927312,-0.68793,-3.024005
1.4620348053117134,-1.942957,-0.656133,-3.055571
1.4620348067640327,-1.954176,-0.612624,-3.083663
1.4620348080146788,-1.9581,-0.552373,-3.106211
1.4620348091909505,-1.958502,-0.482348,-3.126141
1.4620348103022647,-1.955842,-0.404265,-3.143703
1.4620348113644632,-1.94997,-0.318466,-3.158707
1.4620348123894549,-1.942206,-0.228091,-3.172065
1.4620348133888728,-1.932523,-0.13375,-3.18365
1.4620348143708757,-1.921729,-0.037741,-3.193935
1.4620348153408487,-1.911388,0.056118,-3.203958
1.4620348163097934,-1.900123,0.149585,-3.212455
1.4620348172835615,-1.889576,0.23855,-3.220469
1.4620348182739862,-1.879764,0.321929,-3.227755
1.4620348192927222,-1.871506,0.397149,-3.234687
1.4620348203525102,-1.85987,0.474134,-3.237047
1.462034821476253,-1.842328,0.558505,-3.232853
1.4620348226844921,-1.821766,0.645999,-3.224715
1.4620348240369332,-1.797761,0.73786,-3.21246
1.4620348255913873,-1.768419,0.836831,-3.194632
1.4620348274806432,-1.734931,0.940152,-3.172485
1.462034829929587,-1.702923,1.0376,-3.151318
1.4620348349132868,-1.670483,1.129745,-3.1296
1.4620348409169979,-1.649677,1.18996,-3.117013
1.4620348489440398,-1.633025,1.237916,-3.107638
1.462034882458805,-1.631178,1.23971,-3.105793
1.4620349008685418,-1.6512,1.180353,-3.116771
1.462034915649845,-1.678613,1.100827,-3.133863
1.4620349291801695,-1.71102,1.006112,-3.1555
1.4620349422002326,-1.743781,0.906021,-3.177245
1.4620349549943203,-1.775501,0.80458,-3.197613
1.4620349681868854,-1.801927,0.70974,-3.212575
1.4620349859066006,-1.821629,0.629939,-3.221682
1.4620350089076206,-1.840764,0.548003,-3.228957
1.4620350370417183,-1.858486,0.462885,-3.233044
1.4620351342077313,-1.852257,0.495964,-3.232359
1.4620352030075985,-1.864128,0.419174,-3.230548
1.4620352605616138,-1.874457,0.341469,-3.225719
1.4620353285845256,-1.884218,0.259192,-3.218696
1.462035420625735,-1.895242,0.170098,-3.211301
1.4620355334075783,-1.905075,0.079904,-3.201876
1.4620356570487232,-1.916452,-0.015568,-3.192806
1.4620357909466646,-1.926911,-0.110728,-3.182377
1.4620359397784555,-1.938255,-0.208246,-3.172136
1.4620361147131993,-1.947339,-0.301252,-3.159832
1.462036356859525,-1.953548,-0.387887,-3.145123
1.4620370575845605,-1.956085,-0.388358,-3.148191
1.4620374318383953,-1.950626,-0.317446,-3.159784
1.462037808372067,-1.942423,-0.228068,-3.172335
1.4620381397004278,-1.932343,-0.132964,-3.183615
1.4620384829531756,-1.921708,-0.037279,-3.194016
1.4620388540370448,-1.910812,0.057621,-3.203601
1.4620392715418875,-1.898995,0.152086,-3.211649
1.4620397510216132,-1.888195,0.241438,-3.219439
1.4620403613891721,-1.877702,0.325915,-3.226133
1.4620410630945528,-1.867021,0.405136,-3.230979
1.4620418856186352,-1.853131,0.485762,-3.23132
1.46204292485394,-1.833337,0.573647,-3.225052
1.4620442677634502,-1.809906,0.665679,-3.214252
1.4620460414943488,-1.778697,0.766115,-3.194961
1.4620484234524498,-1.742407,0.866095,-3.169182
1.4620504779212096,-1.741328,0.851791,-3.165597
1.4620508295685977,-1.759515,0.78798,-3.176244
1.4620510761027017,-1.776519,0.721283,-3.184791
1.4620512950328886,-1.795873,0.638871,-3.192858
1.4620513138896178,-1.814867,0.553734,-3.19909
1.4620513160378685,-1.829111,0.474737,-3.199979
1.4620513178426495,-1.840602,0.396482,-3.196695
1.462051319598497,-1.850742,0.315164,-3.190474
1.4620513213530504,-1.861071,0.228609,-3.182915
1.4620513231276697,-1.87243,0.136441,-3.174993
1.462051324934833,-1.882385,0.044309,-3.165055
1.4620513267980555,-1.894052,-0.052805,-3.155738
1.4620513287347647,-1.905329,-0.150045,-3.145586
1.4620513308013026,-1.913314,-0.241035,-3.132541
1.4620513331445348,-1.918958,-0.326905,-3.117471
1.4620513379374738,-1.922325,-0.370059,-3.110385
1.4620513399881359,-1.918056,-0.301752,-3.122873
1.4620513415934213,-1.91186,-0.229043,-3.13378
1.4620513430331257,-1.905534,-0.155758,-3.144408
1.4620513446320167,-1.896602,-0.071721,-3.154233
1.4620513458623394,-1.886151,0.023314,-3.16461
1.462051346993788,-1.874893,0.118362,-3.173695
1.462051348069327,-1.863599,0.211009,-3.181868
1.4620513491179368,-1.853203,0.298493,-3.189623
1.462051350151631,-1.843506,0.380084,-3.196525
1.462051351180878,-1.834074,0.455711,-3.201908
1.4620513522199698,-1.820029,0.535898,-3.201702
1.4620513532822152,-1.801858,0.620523,-3.196522
1.4620513543798308,-1.780456,0.70898,-3.18726
1.4620513555299905,-1.755103,0.802554,-3.173519
1.4620513567602684,-1.725006,0.902106,-3.1548
1.462051358106804,-1.692224,1.003359,-3.133152
1.4620513595999876,-1.659941,1.099737,-3.111672
1.462051361353525,-1.6287,1.187774,-3.091082
1.4620513634138963,-1.605292,1.254724,-3.077338
1.4620513659631427,-1.589273,1.302538,-3.069232
1.4620513693056958,-1.580753,1.332861,-3.06698
1.4620513736665988,-1.580397,1.346878,-3.071405
1.4620513800519421,-1.587598,1.347767,-3.082228
1.4620513906704402,-1.600697,1.340423,-3.098279
1.4620514228570443,-1.596613,1.343798,-3.093854
1.4620514360203487,-1.58512,1.350736,-3.080015
1.4620514462154446,-1.577405,1.352573,-3.069551
1.4620514555293742,-1.573452,1.347729,-3.062231
1.4620514650644905,-1.575064,1.332901,-3.059607
1.4620514778882854,-1.581241,1.306802,-3.060273
1.462051490815589,-1.598517,1.256242,-3.069398
1.4620515098948421,-1.622847,1.186716,-3.083885
1.462051616806882,-1.641715,1.130987,-3.095811
1.4620516647625632,-1.673338,1.036883,-3.116731
1.4620517167577183,-1.705685,0.937141,-3.138075
1.462051781855282,-1.735865,0.838017,-3.157013
1.4620518626874368,-1.763765,0.740728,-3.173219
1.4620519556646496,-1.786409,0.650571,-3.183823
1.4620520669164307,-1.804388,0.566963,-3.189171
1.4620521791581051,-1.81981,0.485075,-3.190909
1.4620523027539618,-1.830462,0.408346,-3.186958
1.4620524373871184,-1.840086,0.328096,-3.180359
1.4620525840286227,-1.850447,0.241609,-3.172865
1.4620527420459513,-1.86133,0.150434,-3.1646
1.4620529110118408,-1.873739,0.05366,-3.156588
1.4620530995123489,-1.884335,-0.041381,-3.146453
1.462053326746156,-1.894209,-0.135901,-3.135241
1.4620539276254623,-1.904474,-0.210014,-3.129358
1.462054341314328,-1.897806,-0.136073,-3.139683
1.4620546495077384,-1.888968,-0.058017,-3.148104
1.4620549396174554,-1.880508,0.018796,-3.156481
1.4620552337123716,-1.870723,0.09721,-3.163411
1.462055549608566,-1.861158,0.173761,-3.169971
1.4620559191848361,-1.85213,0.247343,-3.176291
1.4620563965957838,-1.841893,0.33072,-3.183185
1.4620569516775521,-1.830354,0.413948,-3.188088
1.4620575154322346,-1.819291,0.491054,-3.191543
1.4620582306118242,-1.802703,0.574669,-3.188669
1.4620591833412153,-1.780005,0.666092,-3.179085
1.4620602707456762,-1.752399,0.764139,-3.163919
1.4620617763918036,-1.716094,0.874562,-3.139998
1.4620632581206197,-1.679851,0.976691,-3.114471
1.4620653499390248,-1.64254,1.062387,-3.08509
1.4620674040263273,-1.634521,1.06203,-3.075699
1.4620676421999184,-1.661065,0.980659,-3.093307
1.4620677349784736,-1.679976,0.920803,-3.105558
1.46206784602427,-1.702774,0.84255,-3.119199
1.4620679757287354,-1.722401,0.768406,-3.129506
1.462068126773084,-1.738793,0.697557,-3.13612
1.462068307560623,-1.752386,0.630492,-3.13947
1.4620685941471752,-1.763302,0.564948,-3.139347
1.462068804374049,-1.772455,0.494223,-3.135256
1.4620688176735714,-1.783259,0.415747,-3.130682
1.462068819615308,-1.794249,0.330343,-3.124358
1.4620688213368858,-1.805532,0.239854,-3.116876
1.4620688230834564,-1.81503,0.149665,-3.106969
1.4620688249169251,-1.827847,0.051039,-3.098846
1.4620688269171433,-1.838403,-0.044511,-3.088363
1.4620688294385176,-1.847849,-0.138324,-3.076598
1.4620688336280887,-1.845495,-0.106891,-3.081592
1.4620688351935645,-1.838714,-0.032865,-3.091647
1.4620688364985748,-1.830544,0.043513,-3.100349
1.462068837676818,-1.821538,0.120742,-3.108027
1.4620688387772667,-1.81197,0.19781,-3.114779
1.4620688398438302,-1.80383,0.270453,-3.122048
1.4620688408900422,-1.795755,0.340755,-3.128651
1.4620688419352446,-1.786645,0.410079,-3.133534
1.4620688430323514,-1.778814,0.473536,-3.138388
1.4620688443253127,-1.767578,0.547067,-3.140766
1.462068845333977,-1.752065,0.628736,-3.138733
1.462068846325721,-1.732896,0.714244,-3.132199
1.4620688473405257,-1.708634,0.806806,-3.120003
1.4620688483879734,-1.680535,0.904147,-3.10349
1.4620688494919953,-1.648582,1.005682,-3.082865
1.4620688506939539,-1.615844,1.10538,-3.06111
1.4620688520187257,-1.581962,1.201754,-3.038124
1.4620688535206765,-1.553692,1.281555,-3.020246
1.4620688552737593,-1.532903,1.340932,-3.008416
1.4620688574168308,-1.519979,1.381304,-3.002688
1.4620688600913097,-1.514591,1.404932,-3.002927
1.462068863547091,-1.516746,1.413919,-3.009365
1.4620688681661491,-1.5275,1.409952,-3.02337
1.4620688744047479,-1.542085,1.401453,-3.040839
1.4620688864780806,-1.550107,1.406268,-3.052497
1.46206891729947,-1.547976,1.401788,-3.048811
1.4620689297525085,-1.535839,1.406698,-3.034172
1.4620689398081033,-1.523391,1.414372,-3.019433
1.4620689491907695,-1.515065,1.417498,-3.008529
1.462068958864581,-1.511677,1.413347,-3.001976
1.462068970029694,-1.510418,1.403516,-2.996914
1.462068983987604,-1.516358,1.381119,-2.998005
1.4620690119623236,-1.525585,1.349689,-3.001467
1.462069109256487,-1.537374,1.309651,-3.006602
1.4620691585274623,-1.552397,1.259503,-3.014053
1.4620692120277488,-1.571914,1.197156,-3.025511
1.4620692768323458,-1.600984,1.108519,-3.044397
1.4620693502454636,-1.632082,1.010884,-3.064627
1.462069431869219,-1.663727,0.909601,-3.084899
1.4620695216048811,-1.690317,0.814605,-3.099956
1.4620696184901805,-1.711386,0.727265,-3.109196
1.4620697229693134,-1.733661,0.636486,-3.118261
1.462069836720852,-1.747539,0.557252,-3.118679
1.4620699587901822,-1.76155,0.474726,-3.11752
1.4620700984513706,-1.770751,0.395088,-3.110526
1.4620702480972019,-1.780824,0.309053,-3.102774
1.4620704310963515,-1.794275,0.212976,-3.096503
1.4620709436407333,-1.805241,0.147733,-3.094345
1.4620712643273654,-1.797728,0.220667,-3.102617
1.4620715165110896,-1.789684,0.292861,-3.109873
1.4620717617772767,-1.781458,0.363091,-3.116245
1.4620720141167656,-1.773843,0.429296,-3.122214
1.4620722860888065,-1.76653,0.491396,-3.127365
1.4620725975496667,-1.757809,0.55289,-3.130163
1.4620729662219616,-1.745061,0.619428,-3.128492
1.4620734522227663,-1.727656,0.692091,-3.121863
1.4620740515050852,-1.708221,0.766953,-3.112587
1.462074681600408,-1.683362,0.849785,-3.097771
1.4620754922915637,-1.654586,0.937826,-3.078851
1.4620765975163288,-1.618493,1.035868,-3.052855
1.4620780186423974,-1.573555,1.147656,-3.018921
1.4620799993555162,-1.517314,1.275358,-2.975293
1.4620826316088689,-1.454411,1.395105,-2.924389
1.4620847796939933,-1.422754,1.430959,-2.893731
1.462084951367749,-1.439943,1.384035,-2.904272
1.4620849817813328,-1.459444,1.328277,-2.916548
1.4620850135635122,-1.487451,1.250651,-2.935734
1.4620850505150007,-1.516279,1.167903,-2.955576
1.4620850976984492,-1.545356,1.082186,-2.975425
1.4620851541863895,-1.570485,1.000988,-2.991379
1.4620852182484716,-1.593541,0.921941,-3.005016
1.4620852941782236,-1.611952,0.849514,-3.013945
1.462085387240366,-1.627878,0.780417,-3.019951
1.4620855085835258,-1.640715,0.715142,-3.022469
1.462085669531757,-1.647967,0.657694,-3.019317
1.4620858731415811,-1.653191,0.60173,-3.013417
1.4620860969224752,-1.654567,0.548241,-3.002937
1.46208629790822,-1.657455,0.486955,-2.992289
1.4620865035846375,-1.664746,0.40741,-2.982546
1.4620865155300726,-1.673042,0.322324,-2.972475
1.4620865196576451,-1.676692,0.315246,-2.975289
1.462086521127244,-1.670315,0.38499,-2.984095
1.4620865222751562,-1.662856,0.454778,-2.991395
1.4620865232873546,-1.656914,0.51924,-2.999117
1.462086524222704,-1.65373,0.575759,-3.00818
1.4620865251198492,-1.645756,0.637235,-3.012202
1.4620865259873468,-1.636648,0.698451,-3.014157
1.4620865268420056,-1.62408,0.763862,-3.012203
1.462086527693771,-1.608263,0.833166,-3.006594
1.462086528548764,-1.589838,0.905948,-2.997901
1.4620865294186074,-1.568377,0.98279,-2.985884
1.4620865303134356,-1.543555,1.063977,-2.970358
1.4620865312439206,-1.515055,1.149503,-2.951138
1.462086532223766,-1.486788,1.23243,-2.931867
1.462086533280851,-1.456357,1.315257,-2.910503
1.4620865344581866,-1.428585,1.388869,-2.891553
1.4620865359819202,-1.405275,1.45113,-2.876894
1.462086537409789,-1.387139,1.501949,-2.866816
1.462086538999869,-1.376798,1.534656,-2.862841
1.4620865408586492,-1.376696,1.54869,-2.867508
1.4620865431286392,-1.382579,1.551423,-2.877098
1.4620865458237458,-1.395744,1.544548,-2.893264
1.4620865491206456,-1.411963,1.536192,-2.912485
1.4620865532519818,-1.413873,1.55419,-2.919024
1.4620865586065386,-1.420471,1.589254,-2.931677
1.4620865666477811,-1.430811,1.620029,-2.947888
1.462086592840287,-1.436769,1.64798,-2.958692
1.4620866100192278,-1.423927,1.629902,-2.941431
1.4620866205789231,-1.414741,1.606341,-2.927568
1.4620866298286974,-1.409187,1.577352,-2.917083
1.4620866391978768,-1.407897,1.551403,-2.911143
1.4620866493793385,-1.404471,1.541948,-2.904396
1.4620866618414818,-1.392111,1.548315,-2.889637
1.4620866814429274,-1.381956,1.553524,-2.877076
1.462086747673489,-1.373669,1.555991,-2.866101
1.4620867978632601,-1.369053,1.552163,-2.858229
1.4620868436091237,-1.369431,1.539289,-2.854555
1.4620868952776687,-1.374029,1.517187,-2.854228
1.4620869543817967,-1.383549,1.484108,-2.857819
1.4620870221652462,-1.396941,1.440568,-2.864286
1.462087095934462,-1.412761,1.387849,-2.872407
1.4620871761502992,-1.432861,1.323564,-2.884421
1.4620872617160985,-1.455614,1.251462,-2.898811
1.4620873552678728,-1.474814,1.182297,-2.90986
1.4620874551569303,-1.495121,1.109695,-2.921678
1.4620875637833368,-1.519201,1.020224,-2.934942
1.4620876758798003,-1.544159,0.92745,-2.94814
1.4620877985568383,-1.565467,0.839494,-2.957001
1.4620879405012173,-1.583261,0.755079,-2.961542
1.4620881817105478,-1.598278,0.672643,-2.962157
1.4620886125699881,-1.595503,0.717645,-2.968506
1.4620888310215625,-1.588092,0.775105,-2.971383
1.4620890391949977,-1.576966,0.837345,-2.970241
1.4620892531983387,-1.563265,0.902592,-2.966116
1.4620894783586793,-1.546831,0.971712,-2.958893
1.4620897345017532,-1.526884,1.045679,-2.948007
1.4620900508900447,-1.502655,1.125401,-2.93285
1.462090444044205,-1.475775,1.207681,-2.914978
1.4620909187430373,-1.448072,1.288792,-2.896151
1.4620915182873333,-1.416703,1.37155,-2.873908
1.462092199698127,-1.387795,1.44437,-2.853913
1.4620930618003207,-1.360501,1.507191,-2.834761
1.4620941651354902,-1.330169,1.56583,-2.811697
1.462095530268196,-1.297077,1.619323,-2.784737
1.4620971738579052,-1.258587,1.671113,-2.751263
1.4620989682714427,-1.21234,1.726104,-2.709117
1.4621007759294338,-1.157217,1.790898,-2.657742
1.4621022294669985,-1.097853,1.855357,-2.599573
1.462102360094792,-1.081861,1.863259,-2.581276
1.462102392311296,-1.06085,1.878077,-2.557623
1.4621024429948821,-1.05028,1.883602,-2.544579
1.4621024689988507,-1.045145,1.882042,-2.536504
1.4621024931819406,-1.047082,1.869744,-2.534661
1.462102517252273,-1.054302,1.847059,-2.537146
1.4621025423167908,-1.067641,1.811709,-2.5446
1.4621025698297916,-1.084293,1.766186,-2.554332
1.462102602121213,-1.106347,1.706904,-2.568245
1.4621026421452603,-1.133359,1.633714,-2.586528
1.4621026905879289,-1.159885,1.556465,-2.604358
1.4621027503327149,-1.189049,1.471987,-2.624434
1.4621028111230838,-1.213945,1.392042,-2.640392
1.4621028992889988,-1.236651,1.314187,-2.654011
1.4621029982339477,-1.253226,1.245207,-2.661681
1.4621031191442577,-1.270104,1.174827,-2.669021
1.4621032678758983,-1.279873,1.115254,-2.669362
1.4621034363090748,-1.283394,1.064361,-2.663477
1.4621036103945573,-1.285058,1.014595,-2.655095
1.46210379344457,-1.276503,0.999741,-2.641462
1.4621039736861294,-1.258388,1.082707,-2.637099
1.462104061226013,-1.25682,1.131377,-2.644894
1.4621040938763827,-1.253422,1.181535,-2.650349
1.46210410182112,-1.238725,1.250153,-2.645312
1.4621041025579256,-1.215988,1.329637,-2.632276
1.462104103100671,-1.191813,1.410136,-2.61739
1.4621041036158897,-1.168477,1.487924,-2.602876
1.4621041041201142,-1.14214,1.568488,-2.585394
1.4621041046206236,-1.11601,1.645797,-2.567944
1.4621041051238945,-1.090891,1.717196,-2.551375
1.4621041056361208,-1.069796,1.776443,-2.538442
1.4621041061633708,-1.053655,1.822494,-2.529377
1.462104106710448,-1.04153,1.857544,-2.523254
1.462104107287998,-1.03524,1.880241,-2.521842
1.462104107909119,-1.034026,1.892603,-2.524543
1.4621041085967206,-1.037601,1.896223,-2.531237
1.4621041093804625,-1.045767,1.892929,-2.541945
1.46210411030085,-1.058166,1.884994,-2.556595
1.4621041114145266,-1.064195,1.888239,-2.565389
1.4621041127796535,-1.062592,1.907055,-2.567692
1.4621041145319829,-1.068154,1.931848,-2.577955
1.4621041166966442,-1.079339,1.952067,-2.593622
1.4621041192324822,-1.093116,1.968422,-2.611702
1.4621041222032551,-1.110509,1.979237,-2.633126
1.4621041257110925,-1.131734,1.984118,-2.658083
1.4621041300085817,-1.156535,1.983401,-2.686328
1.4621041355010536,-1.192516,1.973937,-2.726103
1.4621041432285649,-1.235151,1.953884,-2.771969
1.462104161227004,-1.286657,1.914727,-2.825234
1.4621041840097981,-1.270538,1.906601,-2.80563
1.462104196109916,-1.232487,1.928868,-2.765319
1.4621042063315115,-1.197622,1.945923,-2.727906
1.4621042166455114,-1.165231,1.959033,-2.692757
1.4621042285732349,-1.136784,1.965722,-2.661198
1.4621042464724647,-1.111423,1.967497,-2.632467
1.4621043079617526,-1.091851,1.959874,-2.609004
1.4621043582026396,-1.073775,1.950124,-2.586952
1.4621043994789538,-1.057744,1.937413,-2.566816
1.4621044472245548,-1.049697,1.922871,-2.55457
1.4621045060755633,-1.045184,1.91343,-2.546678
1.4621045721431583,-1.039754,1.909507,-2.538568
1.4621046421717585,-1.033836,1.908201,-2.530266
1.4621047172540267,-1.020061,1.918516,-2.514285
1.462104798353208,-1.010215,1.922862,-2.501711
1.4621048850527154,-1.00577,1.918224,-2.49377
1.4621049765810765,-1.008817,1.900906,-2.492261
1.4621050743706765,-1.016957,1.872493,-2.494797
1.4621051782015555,-1.030339,1.831959,-2.501437
1.4621052884615482,-1.049654,1.777324,-2.512796
1.462105408070171,-1.075875,1.70577,-2.530338
1.4621055485807297,-1.106215,1.622642,-2.551582
1.4621058346879208,-1.140764,1.529182,-2.576465
1.4621062260168425,-1.113917,1.6199,-2.56001
1.4621064372579882,-1.096069,1.69163,-2.551375
1.462106636930066,-1.089773,1.739731,-2.552922
1.462106838530954,-1.086046,1.777923,-2.556747
1.4621070569909294,-1.089267,1.801128,-2.566301
1.462107321456892,-1.101174,1.80891,-2.583272
1.4621076688985564,-1.122551,1.801914,-2.608578
1.4621081123622155,-1.158998,1.775059,-2.64753
1.462108657053747,-1.230943,1.707892,-2.718875
1.4621092514198495,-1.439116,1.456542,-2.911239
1.4621095499205103,-1.750302,0.970517,-3.189067
1.4621097282204545,-2.106938,0.344866,-3.501687
1.4621098120012876,-2.418981,-0.230597,-3.761044
1.462109869448594,-2.698807,-0.796992,-3.971746
1.4621099175008738,-2.959646,-1.357295,-4.154631
1.4621099583017325,-3.18982,-1.852671,-4.310223
1.462109995100131,-3.371863,-2.216226,-4.432631
1.4621100266176519,-3.507576,-2.460227,-4.518223
1.462110052656047,-3.618298,-2.645364,-4.584435
1.4621100778928628,-3.718519,-2.816744,-4.645579
1.4621100986747082,-3.802052,-2.954928,-4.697285
1.4621101173487836,-3.874736,-3.072406,-4.741291
1.4621101335415152,-3.944021,-3.185649,-4.782703
1.4621101488360304,-4.005515,-3.286512,-4.81824
1.4621101619375656,-4.062856,-3.379888,-4.851021
1.46211017503153,-4.115256,-3.465946,-4.880094
1.462110187076005,-4.163463,-3.545368,-4.905421
1.462110194445842,-4.207931,-3.620095,-4.927584
1.462110204155763,-4.248153,-3.689142,-4.946096
1.4621102104712027,-4.283786,-3.753475,-4.956788
1.462110216653225,-4.312076,-3.810087,-4.961576
1.4621102227878624,-4.337291,-3.863774,-4.961341
1.4621102279569969,-4.36161,-3.916862,-4.959738
1.4621102324586828,-4.387571,-3.971389,-4.95952
1.4621102357875577,-4.416136,-4.029625,-4.960186
1.462110238380728,-4.439712,-4.082514,-4.959033
1.462110240459533,-4.454362,-4.12508,-4.943924
1.4621102419321848,-4.46789,-4.166174,-4.926729
1.4621102427379618,-4.479754,-4.205079,-4.907806
1.4621102434399247,-4.489172,-4.240996,-4.885526
1.4621102441095355,-4.495598,-4.273557,-4.859736
1.4621102447646366,-4.500895,-4.305333,-4.830623
1.4621102454241048,-4.503678,-4.332956,-4.799832
1.462110246159358,-4.499549,-4.349848,-4.766296
1.462110246949063,-4.495406,-4.366399,-4.731432
1.4621102477067938,-4.490888,-4.380818,-4.696565
1.4621102485146662,-4.480233,-4.385692,-4.66058
1.4621102492396623,-4.470753,-4.393049,-4.623772
1.462110249939376,-4.459109,-4.396406,-4.586672
1.4621102506405608,-4.440225,-4.387784,-4.549192
1.4621102512315316,-4.416715,-4.371923,-4.512424
1.4621102517232822,-4.385736,-4.343708,-4.474383
1.462110252144277,-4.354216,-4.319877,-4.432731
1.4621102525195837,-4.334523,-4.313869,-4.384357
1.4621102528724115,-4.29713,-4.281689,-4.339525
1.4621102532088999,-4.253781,-4.239267,-4.293782
1.4621102535261112,-4.221171,-4.216217,-4.243393
1.4621102538218804,-4.192596,-4.199634,-4.190976
1.4621102540878659,-4.148207,-4.157557,-4.141924
1.4621102543305355,-4.104149,-4.117139,-4.091718
1.4621102545698943,-4.059085,-4.075689,-4.040636
1.4621102548195706,-4.012815,-4.033018,-3.988403
1.462110255083395,-3.965352,-3.989142,-3.935025
1.4621102553580736,-3.916737,-3.944115,-3.880476
1.4621102556499919,-3.866862,-3.897847,-3.824584
1.462110255964255,-3.815439,-3.850086,-3.766987
1.4621102563008346,-3.762639,-3.800976,-3.707924
1.4621102566668787,-3.709177,-3.751155,-3.648251
1.4621102570584388,-3.655823,-3.701313,-3.58888
1.4621102574791154,-3.602697,-3.651528,-3.529991
1.4621102579168461,-3.549093,-3.601213,-3.470687
1.462110258374266,-3.494038,-3.549544,-3.409771
1.4621102588629298,-3.436564,-3.495666,-3.34618
1.4621102594251743,-3.378406,-3.441439,-3.280869
1.462110260060885,-3.322086,-3.389416,-3.215695
1.4621102607411238,-3.269182,-3.341428,-3.151157
1.4621102614465333,-3.217389,-3.294721,-3.086821
1.4621102621794544,-3.163838,-3.245584,-3.023065
1.4621102629891922,-3.107837,-3.193116,-2.960026
1.4621102638825754,-3.051151,-3.13962,-2.89747
1.4621102648430027,-2.995026,-3.086688,-2.835427
1.462110265884162,-2.939478,-3.034358,-2.773832
1.4621102669811723,-2.884337,-2.982354,-2.712883
1.4621102681690763,-2.829823,-2.93084,-2.65298
1.4621102694511727,-2.775461,-2.879393,-2.593355
1.4621102708120555,-2.720273,-2.826994,-2.532973
1.462110272294165,-2.666603,-2.7757,-2.475783
1.4621102738818266,-2.61011,-2.722059,-2.413468
1.4621102755994455,-2.547875,-2.663687,-2.340107
1.4621102774172168,-2.485677,-2.605393,-2.266666
1.4621102793909684,-2.427965,-2.550861,-2.201279
1.4621102815322333,-2.373724,-2.499279,-2.141915
1.462110283829551,-2.321505,-2.449379,-2.086165
1.4621102862927402,-2.270134,-2.400134,-2.032089
1.4621102889288031,-2.218697,-2.350743,-1.978153
1.4621102917971145,-2.166394,-2.300498,-1.923145
1.4621102948592726,-2.112192,-2.248439,-1.865583
1.4621102981508178,-2.053523,-2.192072,-1.801965
1.4621103016710952,-1.993697,-2.134624,-1.736648
1.4621103054522344,-1.932607,-2.076011,-1.669345
1.4621103095573615,-1.870185,-2.016192,-1.599925
1.462110313862101,-1.80714,-1.955822,-1.529546
1.4621103185092055,-1.744134,-1.895498,-1.459134
1.4621103235181439,-1.681724,-1.835719,-1.389521
1.4621103288470223,-1.620301,-1.776821,-1.321347
1.46211033453371,-1.559978,-1.718869,-1.25493
1.4621103405423255,-1.500866,-1.661931,-1.190539
1.462110347017569,-1.442981,-1.606014,-1.128175
1.4621103539141331,-1.386357,-1.551239,-1.067474
1.4621103611698971,-1.330104,-1.496727,-1.007453
1.4621103689703443,-1.27342,-1.441657,-0.947343
1.4621103771523518,-1.215665,-1.385379,-0.886526
1.4621103858160143,-1.156176,-1.327221,-0.824369
1.462110394913511,-1.09442,-1.266643,-0.760384
1.462110404467951,-1.030791,-1.203964,-0.695209
1.4621104144688881,-0.965641,-1.139563,-0.629112
1.4621104249378212,-0.911302,-1.085742,-0.574245
1.4621104356963868,-0.858966,-1.033868,-0.521462
1.4621104470404802,-0.800495,-0.975919,-0.462399
1.462110459031241,-0.730716,-0.906842,-0.391558
1.4621104715091668,-0.65927,-0.836191,-0.318654
1.4621104846660995,-0.585994,-0.763735,-0.243759
1.462110498381727,-0.511622,-0.690199,-0.167633
1.4621105128047172,-0.436787,-0.616212,-0.090934
1.4621105277094255,-0.371258,-0.551432,-0.023704
1.462110543064698,-0.31295,-0.493826,0.036283
1.4621105590143268,-0.241837,-0.42365,0.109789
1.4621105758218604,-0.164644,-0.347472,0.189635
1.4621105931037524,-0.090167,-0.273853,0.266297
1.462110616512048,-0.029058,-0.213242,0.328515
1.462110632509149,0.032171,-0.15213,0.389577
1.4621106485093134,0.079292,-0.104723,0.435334
1.462110672348783,0.116029,-0.067549,0.470319
1.4621106896007106,0.161142,-0.021667,0.512508
1.4621107144369867,0.206501,0.024536,0.554708
1.4621107327947636,0.252698,0.071496,0.598023
1.4621107516020737,0.303443,0.122761,0.646655
1.4621107773386983,0.355546,0.175006,0.697905
1.462110797557306,0.410357,0.229619,0.752953
1.462110823775603,0.481268,0.300012,0.825048
1.4621108489840542,0.556049,0.374056,0.901714
1.4621108723128882,0.6333,0.450437,0.98128
1.4621108991875782,0.705009,0.521322,1.05521
1.4621109224771163,0.778969,0.594453,1.131405
1.4621109498188347,0.857684,0.672391,1.212178
1.4621109742739586,0.934819,0.748859,1.291039
1.4621110023187713,1.007491,0.820938,1.365248
1.4621110292150563,1.08593,0.898756,1.4453
1.4621110564715245,1.165512,0.977726,1.526474
1.4621110842099803,1.245853,1.057472,1.608369
1.4621111124334019,1.323335,1.134406,1.687281
1.4621111416449006,1.405663,1.216167,1.77109
1.462111172128633,1.488732,1.298686,1.855598
1.4621112023682803,1.572408,1.381833,1.940657
1.4621112329709698,1.657784,1.466689,2.027399
1.4621112652933794,1.744224,1.552621,2.11517
1.4621112983857734,1.832188,1.640092,2.204432
1.4621113315676575,1.921963,1.729389,2.295465
1.4621113654485731,2.0128,1.819761,2.387527
1.4621114008793565,2.105152,1.91166,2.481072
1.462111436241384,2.199353,2.005421,2.576433
1.4621114724060367,2.295976,2.101619,2.67418
1.4621115104735678,2.394378,2.199609,2.773672
1.462111549452371,2.495321,2.300154,2.87567
1.462111588999222,2.599224,2.403672,2.98059
1.4621116310957771,2.705868,2.509947,3.088214
1.4621116741952935,2.815659,2.619385,3.198941
1.4621117179416385,2.929247,2.732639,3.313417
1.4621117649423214,3.046356,2.849434,3.431362
1.4621118129920752,3.16662,2.969407,3.552402
1.4621118619966715,3.290239,3.092766,3.676716
1.4621119129491502,3.415546,3.217841,3.802637
1.4621119626047194,3.541088,3.34319,3.928694
1.4621120091500597,3.664367,3.466321,4.052365
1.4621120528348313,3.783951,3.585797,4.172241
1.4621120926003786,3.89752,3.699299,4.285986
1.4621121286578322,4.005123,3.806869,4.393677
1.4621121615148502,4.106748,3.908491,4.495311
1.4621121908459127,4.202057,4.003825,4.590557
1.4621122174135708,4.292064,4.093877,4.680442
1.462112241615848,4.377313,4.179189,4.76552
1.4621122638737274,4.457778,4.259736,4.845766
1.4621122851223851,4.534488,4.336542,4.922222
1.4621123057072682,4.607771,4.409933,4.995218
1.462112326237102,4.677788,4.480069,5.064916
1.462112347230762,4.74509,4.547501,5.131874
1.4621123694888867,4.809949,4.612499,5.196366
1.4621123935767844,4.872785,4.675481,5.258812
1.4621124207076046,4.933749,4.736597,5.319368
1.4621124526607863,4.99332,4.796327,5.378514
1.4621124929665976,5.051908,4.855081,5.436665
1.4621125500241243,5.110436,4.913776,5.494749
1.4621126492747025,5.170951,4.974453,5.55483
1.4621129005921514,5.240732,5.044369,5.624253
1.4621133492354177,5.31844,5.122185,5.701674
1.4621137609087234,5.388902,5.192782,5.771777
1.4621141486669988,5.454632,5.258664,5.837101
1.4621145270533016,5.516863,5.321061,5.898893
1.4621149201847585,5.577325,5.381697,5.958896
1.4621153502479376,5.636788,5.441339,6.017884
1.4621158273217647,5.695557,5.50029,6.076167
1.4621163434054485,5.753271,5.558193,6.13338
1.4621169134461354,5.810376,5.615491,6.189974
1.462117527005668,5.866502,5.671817,6.245576
1.4621182016564378,5.921854,5.727371,6.300389
1.462118929193179,5.976516,5.782242,6.3545
1.4621197179214578,6.030387,5.836327,6.407805
1.4621205838075295,6.083667,5.889826,6.460506
1.4621215113438386,6.136217,5.942601,6.512464
1.4621225323160145,6.188272,5.994886,6.563915
1.462123629951364,6.239712,6.04656,6.614737
1.4621248186821771,6.290617,6.097703,6.665011
1.4621261252952402,6.341048,6.148379,6.7148
1.4621275259795918,6.390969,6.198549,6.764065
1.4621290593651233,6.440499,6.248333,6.812926
1.4621307085476378,6.489567,6.297661,6.861311
1.4621324876071897,6.538212,6.346571,6.909259
1.4621344336197832,6.586482,6.395112,6.956818
1.462136508972184,6.634331,6.443236,7.003942
1.4621387677483741,6.681815,6.491002,7.050691
1.4621411780689062,6.728929,6.538402,7.097054
1.4621437675449738,6.775627,6.585392,7.142987
1.462146558416085,6.822021,6.632084,7.188603
1.4621495204987982,6.867987,6.678353,7.233774
1.4621527035896225,6.9136,6.724276,7.278575
1.4621560765584305,6.958866,6.769859,7.323014
1.4621596532739436,7.003698,6.815015,7.367001
1.462163461788624,7.048194,6.859841,7.410638
1.4621674742607746,7.092293,6.904275,7.453861
1.4621716914109495,7.135979,6.948304,7.496655
1.4621761797206574,7.179276,6.99195,7.539042
1.4621808767262034,7.222225,7.035255,7.581065
1.4621857970551118,7.264724,7.078119,7.622618
1.4621909662890837,7.306874,7.120641,7.663802
1.4621963859935834,7.348598,7.162745,7.704539
1.4622020185953066,7.389947,7.204484,7.74488
1.4622079340073695,7.430359,7.245297,7.784186
1.4622141267397284,7.468693,7.284047,7.821159
1.4622205204964018,7.505257,7.32104,7.856172
1.462227145265496,7.540815,7.357037,7.890077
1.462234082511444,7.575974,7.392643,7.923567
1.4622412838674366,7.61153,7.428651,7.957526
1.4622487251332033,7.648056,7.465631,7.992616
1.4622564640552698,7.686334,7.504366,8.029713
1.4622645043685352,7.727126,7.545615,8.069672
1.4622728367342634,7.771124,7.590067,8.113277
1.462281424041469,7.81916,7.638555,8.161459
1.4622904199456759,7.872687,7.69249,8.215432
1.4622997215413172,7.932182,7.752305,8.27527
1.4623093165785086,7.99648,7.816847,8.339827
1.46231928358239,8.064482,7.885036,8.408021
1.462329632847397,8.135034,7.955736,8.478719
1.462340355171452,8.206892,8.02772,8.550699
1.4623514194511777,8.278895,8.099845,8.622818
1.4623629720772318,8.349777,8.170865,8.69383
1.4623749347688628,8.418322,8.239581,8.762537
1.4623872926322676,8.483217,8.304703,8.82765
1.4624001340819566,8.543169,8.364956,8.88789
1.4624135062244925,8.596907,8.41909,8.942011
1.4624273637878002,8.642441,8.465104,8.987822
1.4624417376843573,8.678414,8.501553,9.02343
1.4624567438366787,8.707097,8.530704,9.051226
1.462472364860689,8.730989,8.555069,9.073878
1.4624885390311406,8.752611,8.577172,9.094076
1.4625054453939348,8.774513,8.599571,9.11454
1.4625230912926392,8.799333,8.624914,9.138079
1.462541409338378,8.827431,8.653559,9.165087
1.462560553396467,8.855539,8.682222,9.192093
1.4625805141905444,8.883696,8.710947,9.219123
1.4626014701722974,8.911985,8.739822,9.246252
1.4626232796810323,8.940508,8.768956,9.273573
1.4626460820940101,8.96937,8.798458,9.301181
1.4626700625020785,8.998688,8.828449,9.329185
1.4626950568091746,9.02856,8.859035,9.357676
1.4627212646188954,9.058628,8.889833,9.386331
1.4627487741754799,9.08887,8.92082,9.415133
1.46277769887579,9.119432,8.952151,9.444212
1.4628080791111289,9.150441,8.983965,9.473676
1.4628399906495002,9.182081,9.016456,9.503694
1.4628736501493687,9.214491,9.049772,9.534385
1.4629090845960944,9.247814,9.084068,9.565876
1.4629463930371798,9.282227,9.119532,9.598326
1.4629859918654282,9.317968,9.156405,9.631977
1.463027765025662,9.355181,9.194817,9.667009
1.463071990144744,9.393669,9.234568,9.703224
1.463119021495602,9.433174,9.275398,9.740353
1.4631690079506687,9.473448,9.317059,9.778139
1.463222046729857,9.514257,9.359318,9.816343
1.4632789876010228,9.555346,9.401915,9.854699
1.463339525758936,9.596459,9.444597,9.892945
1.4634043899701787,9.637368,9.487131,9.930842
1.4634742701197168,9.677817,9.529263,9.968128
1.4635490175861867,9.718314,9.571527,10.005255
1.463629428775544,9.759441,9.614519,10.042791
1.4637165044932456,9.80087,9.657898,10.080434
1.463812002463921,9.842563,9.701612,10.118178
1.463915700483633,9.88439,9.745521,10.155928
1.464028444915339,9.926205,9.789462,10.193566
1.4641520436511186,9.967873,9.833287,10.230989
1.4642877620667527,10.00926,9.876852,10.2681
1.4644378372431486,10.050227,9.92,10.304785
1.4646036005988654,10.090635,9.96258,10.34094
1.46478582663514,10.130333,10.004426,10.376448
1.4649886545732564,10.169298,10.045522,10.411272
1.4652144063423933,10.207755,10.086117,10.44556
1.4654663223199431,10.245778,10.126291,10.479382
1.4657464467528387,10.283463,10.166143,10.512831
1.4660577247564541,10.320876,10.205742,10.545973
1.4664062328189,10.358141,10.245214,10.578927
1.4667882543790154,10.395308,10.284615,10.611747
