ra,dec,parallax,pmra,pmdec,Gaia_G,Gaia_BP,Gaia_RP
132.7717921169326,11.826132729168837,1.1705226025286304,-10.731187040613,-3.0808784715450286,13.612037,13.908195,13.154003
132.7884736054834,11.805723194140635,1.1881258533755474,-10.072247361078256,-3.0192506194017987,13.22975,13.521301,12.778492
132.79845931610862,11.814040886829336,1.158334969025947,-11.376567188273864,-2.9606708863186926,13.630787,13.930822,13.168488
132.78489103549325,11.835494425241782,1.1469201738403147,-11.103540712604516,-3.1179265256072126,13.431571,13.725635,12.978494
132.75972072804413,11.814852928274735,1.1612969689320956,-10.991297540001316,-2.790541857285642,16.008108,16.561281,15.299606
132.80089214443902,11.809643484926914,1.170970523788535,-10.966427647421286,-3.076086308524411,13.754309,14.05267,13.296951
132.80005486962708,11.807414645829866,1.1779026848834402,-10.831586999426825,-2.8744490585316127,14.689736,15.0547905,14.160499
132.75330618262134,11.814653311082745,1.1296682844559027,-10.813268968135507,-2.7324920025312696,14.453478,14.799417,13.943151
132.75502854071894,11.805949714505209,1.168942021245476,-10.958211101240286,-2.803537955752459,16.365776,16.988796,15.61235
132.75644759317666,11.797265827789168,1.1193033052956787,-11.036393057701982,-3.472301913160365,13.358971,13.663722,12.89034
132.81094609963804,11.814040506914477,1.1169105632586362,-11.234919144670473,-3.0147030114994005,16.896048,17.626347,16.062708
132.81168729288254,11.816641005623534,1.10472635046028,-10.848201278921941,-3.28081993285675,15.164518,15.583834,14.576519
132.78565081715647,11.848060001397988,1.1601748817212127,-11.034828595446296,-2.835902269510723,13.643402,13.93645,13.190079
132.75436107910528,11.836351490881963,1.1952371299182647,-10.769474723269422,-2.9498428369172203,12.544513,12.919089,12.004771
132.81265751758596,11.822526102605199,1.136264899751253,-11.01222952824843,-2.6930481618445015,13.987426,14.296,13.515289
132.74593915519185,11.815975991085903,1.1447604074712505,-11.019903588870275,-2.706458260472761,13.40965,13.696637,12.953093
132.7458843388498,11.808088641823153,1.1312888468455418,-11.107998229633914,-2.4026884658684224,15.859119,16.401138,15.167948
132.74541789668467,11.805345149327437,1.1200940957910757,-11.368039382393302,-4.019553221915812,13.637011,13.935879,13.17491
132.7437194774349,11.8121970277052,1.146631261323724,-11.156721091546833,-3.1224966325469232,15.358693,15.809053,14.752244
132.81860647195816,11.816704483459676,1.1840711564355584,-10.590722372989509,-2.7382342028850086,17.32688,18.180273,16.42742
132.7650165163331,11.781978023014346,1.1457516648547454,-10.981300948386009,-2.5313270421541514,19.281078,20.778603,18.183952
132.8138844551682,11.837309985817877,1.117996839351071,-10.845375545252608,-2.602112346217476,12.653306,12.94124,12.207978
132.81010485552775,11.84452229275972,1.1303945339284969,-11.249217358287863,-2.9227985404054975,13.237622,13.531313,12.78155
132.8202115546347,11.827417392336024,1.1464200613960638,-11.082371389177212,-2.9834235703144625,15.765214,16.41478,15.000711
132.81145056489564,11.789993233352321,1.1505415402558807,-10.996764406915386,-2.8376167024299876,12.681729,12.971033,12.235587
132.8211975772199,11.804479120262537,1.1620566566117003,-11.379390539143596,-3.0624987384080717,9.921911,10.559404,9.158524
132.78060820303236,11.774410307505123,1.1214761111562626,-11.102852339987564,-2.9843520618485355,15.154757,15.570725,14.57526
132.73604801230857,11.831840970803485,1.169611904446264,-10.78604675666939,-3.0487157572726113,14.480405,14.831112,13.964437
132.7659521007996,11.860909905809686,1.1918370720809708,-10.450739422048045,-2.981990619827001,17.987682,18.898869,17.026335
132.8066858189857,11.855077647183508,1.1547919457577276,-10.991314316018503,-3.118405635862671,13.462174,13.743686,13.018177
132.82720496614647,11.822630402974745,1.1465633762064429,-11.127926639711383,-2.742093734453843,12.492557,12.803346,12.021191
132.76467881878852,11.861225180192038,1.1159981905639544,-10.75809016314897,-2.6012658759251543,16.698328,17.394485,15.88062
132.8151086611252,11.848939492176996,1.1324125709174995,-10.861669922182685,-2.685660267885666,12.771166,13.198056,12.183865
132.79126622156454,11.77136341698232,1.163338028142793,-10.715528935941837,-3.329425974439304,14.37958,14.7268715,13.8627205
132.74914800692656,11.8535026108753,1.1546786930826054,-10.933920358149539,-2.747099020568392,14.645685,15.007783,14.115881
132.78594423114305,11.769934829752874,1.1187219312607466,-10.809441574833876,-3.0972147807244053,13.283351,13.56995,12.836956
132.8199008884277,11.844159233252451,1.1340618263041007,-10.804583284723009,-3.085972617466993,13.021137,13.316854,12.562645
132.78145534418945,11.865691062059714,1.1232532472267727,-11.13031152481143,-2.9554416245494224,14.714022,15.084615,14.176814
132.80117906395006,11.772574461086279,1.177189770343793,-10.928402398616072,-2.9376746116415733,13.054901,13.360868,12.586631
132.83005654526977,11.823428603806073,1.1673580229650813,-11.123170449572397,-2.91852304245586,13.71689,14.014318,13.259542
132.80817701629928,11.858078714388666,1.1326906824392198,-10.961395564401727,-3.4138726101637746,17.45398,18.500809,16.453196
132.82095010618377,11.84623629324878,1.1663224651706463,-11.04835920837797,-3.2000205685899106,10.845772,11.387247,10.152047
132.82733319951794,11.83730654525302,1.1616505264897943,-10.929896329443999,-2.928681018566259,15.270044,15.823313,14.571344
132.80559504321192,11.861146681281866,1.1503627269383438,-11.098058500565763,-2.7875892145113923,13.129307,13.670578,12.434709
132.8291867238187,11.834918935672093,1.1486175014484674,-10.924748749944577,-2.975846557795479,12.390369,12.694798,11.925044
132.83198461278266,11.827529110720974,1.122777097574212,-10.785109228220541,-3.081699617290029,15.434878,15.876985,14.830771
132.77006290559672,11.765787924725634,1.1297534408615237,-11.180113572143135,-2.7850391802129577,13.367362,13.674554,12.895129
132.82987263744636,11.798511415909555,1.1693028487856258,-10.989821757563597,-3.1602018993989436,13.535529,13.835016,13.071354
132.8222290853847,11.783505206210943,1.1946952151594008,-10.972369498134931,-2.841932055391597,12.937614,13.223788,12.495012
132.8238507418957,11.78185656715564,1.1965425200843511,-10.823552319557194,-2.884889451185513,15.443939,16.012295,14.718127
132.72230061209459,11.815933260612363,1.1715919974337545,-10.867316815946724,-2.7554508027922875,14.969253,15.365481,14.41083
132.83380736373863,11.83978233596769,1.13939745499583,-11.03174515596189,-2.7026667738845536,13.801401,14.10154,13.340214
132.77046946681625,11.873921747812334,1.1035419930331989,-10.5172070193173,-3.2066819570468885,13.699832,13.9975,13.242434
132.7213819532105,11.829580808910784,1.129779451339704,-10.789100580590116,-2.8413569789335282,15.156463,15.572026,14.577989
132.8400304800094,11.817360873933733,1.1972278837024026,-10.941749834037864,-2.8630830825637776,14.996793,15.395066,14.428158
132.77290158633653,11.875586377131055,1.1634882161349271,-11.102134668510026,-2.850277442074253,15.414886,15.957993,14.716002
132.76241987243185,11.873798075192543,1.1233936121456085,-11.292800449611779,-2.986137898885927,14.795678,15.178434,14.248102
132.81427713738063,11.866097750303595,1.1256748700986043,-10.85770566754468,-2.8463929947071387,14.823226,15.2010975,14.279293
132.73464294508156,11.858122866449648,1.1674430580671058,-10.97677758088398,-3.2814025119760917,13.959219,14.271731,13.485371
132.82816875996772,11.855184554157473,1.158826963687591,-11.026172056298075,-2.6274121054894417,12.798285,13.232905,12.202791
132.832725670297,11.784244146597137,1.1182615860409553,-11.082894555331192,-2.627171393771722,16.013441,16.120451,15.055011
132.8421994417987,11.807751792394754,1.1691609936094862,-11.063504733290895,-3.0604091035192464,15.436183,15.915837,14.788034
132.83289299566326,11.783437016563388,1.1179582584779246,-11.660041645571285,-4.244955575270735,12.022738,12.256221,11.640588
132.72802893283128,11.852591437914667,1.149104574995496,-10.818923586896531,-2.91436136250908,13.392233,13.677438,12.947267
132.8334417346105,11.850459221012834,1.111987348360675,-10.638857598376013,-2.9158627695926995,14.146556,14.479649,13.653684
132.72147078901816,11.792819741066614,1.1836007680559986,-10.905978780073902,-3.455430791136462,13.150158,13.448856,12.684945
132.8454253721632,11.813720717979884,1.1644076200402365,-11.033650343575852,-2.8496391354890416,12.549206,12.837496,12.102559
132.8456268130823,11.820309197285223,1.1856353394322168,-10.656424678884399,-3.118113620425383,13.152652,13.391607,12.764563
132.8222911797527,11.767553359645758,1.1106803155947071,-11.10530257097232,-2.842721999003909,13.777426,14.079677,13.314447
132.7584908779304,11.755297369497915,1.1185728971922761,-10.83901269535099,-2.939073699631388,14.785978,15.164662,14.244586
132.78127078733152,11.882246851764018,1.1172560393619997,-11.092029463466428,-3.3215245888541185,13.732728,14.034762,13.266476
132.8337997855924,11.778252739493274,1.1699554087559814,-10.831786398356805,-2.602016333286855,12.624251,12.91075,12.181686
132.80283852526637,11.878444829397731,1.1771229084364088,-10.889599866003579,-2.8349680661291017,10.222875,10.768009,9.52899
132.84496547830224,11.800481666248837,1.1576240674580507,-10.965692689097807,-2.8467022804416047,10.169919,10.713588,9.476929
132.8469377922886,11.807361863587866,1.1065778094522156,-11.085430614333694,-3.6028354883888527,14.055045,14.500699,13.430955
132.84788105468462,11.818283946187028,1.1473345058209448,-11.0684059507635,-2.995010596710352,15.922245,16.451397,15.235978
132.78005588537422,11.883864558840845,1.1320137760582378,-11.03500903465228,-2.465414798744085,12.407134,12.768272,11.874251
132.76169432007003,11.881922954797222,1.1394810637498722,-11.166468713867172,-2.7109201773178158,16.334093,16.946537,15.587191
132.82003534411137,11.761571302524906,1.1697143150626779,-11.007294128844702,-2.9286796489091507,13.967261,14.32682,13.43809
132.80135614430614,11.88213020571764,1.1385067328330654,-11.030622463061741,-2.6427872181364656,15.971505,16.662075,15.154061
132.84901041231075,11.830359410314017,1.1074495819292327,-11.17116442877576,-2.81951394213323,11.241152,11.687434,10.627985
132.77419819830268,11.886304241910434,1.1618858523789548,-10.839015362331393,-2.746670368052978,14.857274,15.242156,14.306003
132.850311092646,11.806077942155428,1.1559613347905093,-11.139411248344263,-2.9031394729747797,12.679014,12.972798,12.227963
132.7325343117316,11.764867012515055,1.1997500678851774,-11.268038040378602,-2.9383738145652485,17.884417,18.91298,16.87636
132.78834572917086,11.88728107684632,1.1134655406612899,-11.112863001767314,-2.953719622755059,17.073603,17.86909,16.200783
132.8356724961179,11.771211754506856,1.1729727079209071,-11.099429816942466,-3.1177074868720718,12.782083,13.013401,12.40771
132.85150397017247,11.830684842864347,1.1538490674614794,-10.817020422873107,-3.012367445863517,14.8868475,15.263571,14.313904
132.73200070279952,11.870734183337936,1.1535896792674465,-11.319337720824436,-2.974671033704088,11.829176,12.127011,11.363302
132.8418298007512,11.778044916604935,1.1692371122511642,-11.042586041245432,-3.0324878820281342,13.048145,13.34153,12.594254
132.81012617051914,11.750932919092659,1.1855681819321515,-10.804144514662443,-2.979480218706911,12.683977,12.943379,12.236511
132.83557756304552,11.768010696262305,1.1452386369686802,-11.189329934235673,-3.225190936331199,13.042321,13.337784,12.5845175
132.83199152304246,11.869638921895687,1.1417129723773067,-11.141366496938833,-3.3194285431144994,13.745495,14.07197,13.252782
132.822807019762,11.75629552834102,1.1716350307955128,-10.91398467951322,-2.751231012245169,9.258214,9.965839,8.447231
132.84059596052379,11.861671331691054,1.135786148489855,-10.990032475689425,-2.5663872548124838,13.88508,14.224753,13.378167
132.85119731670474,11.791210220915213,1.148057043344093,-11.305285446062516,-3.1625404724034905,14.75341,15.124778,14.211747
132.84330749134082,11.858108397755396,1.1553988837847953,-10.971762351217205,-2.9579439288922376,13.148642,13.441898,12.694894
132.8552415064304,11.803761895867133,1.1659984855010577,-10.950139287162754,-2.881642833580964,13.985338,14.353739,13.454699
132.83465900484816,11.764564997160335,1.1986223583881732,-10.867625769603581,-2.967232664938089,13.010176,13.301405,12.558413
132.850440831125,11.785928282218059,1.177819697285492,-10.844587175033109,-2.837199399507414,13.319411,13.615169,12.756721
132.83980053555695,11.768381809009758,1.1829045294358238,-10.960007717685142,-2.6176088895818546,11.146684,11.678301,10.462817
132.85762241691984,11.812667685364396,1.1015407184512493,-11.173787200458285,-3.282048551879108,15.847855,16.403856,15.150593
132.8580872508589,11.819144373157416,1.1427199543664086,-11.284547345415257,-2.6676918088649884,13.090845,13.384382,12.638405
132.73421703307375,11.75438256673151,1.1150207035418402,-10.635560214347809,-3.499262041208599,15.818504,16.466442,15.045421
132.83837961665486,11.764643151338875,1.174836191439256,-11.719914909379376,-2.2317373233772706,12.110562,12.405289,11.654709
132.7885093808361,11.8942894717019,1.153007130081916,-10.76477462434156,-3.0498992404062353,16.583542,17.246048,15.800012
132.81021451545053,11.744709106603915,1.17745992529147,-11.086314674845129,-2.7049518256031853,15.467181,15.915964,14.849227
132.85846187997177,11.83208058558561,1.1176956943094722,-11.767250041634732,-3.3342416849357974,14.533395,14.906114,13.987061
132.86046098811008,11.822305410733648,1.1482388377692994,-10.752116040977233,-2.4864182536685666,13.336247,13.633525,12.878822
132.70003685406516,11.828194396713872,1.1926736526990893,-10.655321123647362,-2.6501732344576485,14.369842,14.715546,13.856938
132.73212920830196,11.882112415409331,1.1683575145395793,-10.911078477819162,-2.9261700821567405,14.834445,15.220432,14.283991
132.7066343188389,11.8545110932077,1.1229013994488715,-10.979898924393591,-3.053963088272588,15.971808,16.663055,15.170581
132.83605102065158,11.757023806753859,1.1884501850741471,-10.8227720186391,-2.1708812144793788,15.5028305,16.060444,14.797159
132.69855150188008,11.797939442900473,1.1166606019374001,-11.158271216387444,-3.077473920196346,13.46944,13.753651,13.026138
132.8339382340836,11.879991144648056,1.1344629850534564,-11.10349207367257,-3.171088218661551,13.7203045,14.016513,13.264818
132.81779657290343,11.742470236647666,1.1727584165852136,-11.02582970860762,-2.8496935078284134,13.301689,13.602995,12.836152
132.80380024159334,11.897833924286921,1.1089513563185405,-10.961844834685337,-2.8281009358968925,15.309071,15.742686,14.710083
132.84058944598144,11.877177636754924,1.1213831680840651,-11.074375348168813,-2.0525664984288654,11.133349,11.454284,10.644741
132.85328920795627,11.863702065956744,1.1775701740570803,-11.04012763466936,-2.5289798946477426,18.32361,19.451448,17.298239
132.86723116425335,11.824293743634895,1.1683850267716152,-10.523383169197444,-2.3989707883369396,12.6679325,12.921003,12.262112
132.8366395258635,11.750680669965403,1.1754835943173385,-10.595106440754252,-3.710534601091105,12.946713,13.253227,12.478689
132.86639751586537,11.836630882922345,1.1678549417500705,-11.039031028546573,-2.9722171242857707,14.234067,14.571932,13.729442
132.74850835612648,11.735563638581532,1.1325352100806463,-11.312626906544054,-2.9487575639730133,14.423698,14.837489,13.8464575
132.77393574800624,11.729701204963089,1.1338053733285154,-10.945386861200628,-2.565819073794166,13.871636,14.22303,13.354555
132.86951967073117,11.800595695400723,1.1273424033916668,-11.297816579310112,-3.2824495654134567,13.629351,13.968946,13.118443
132.84137577874628,11.885802295893395,1.123585323789394,-10.80491174626699,-2.844678758421644,15.07166,15.486084,14.496745
132.87066872744356,11.79526051009603,1.1317626512764454,-10.526656026389444,-3.0859920885066447,15.419273,15.951048,14.728755
132.80116264138996,11.90637877005004,1.165668678415313,-10.847944341203656,-2.8416075491691206,14.00437,14.324421,13.521067
132.87074596744992,11.84252187991014,1.1786681739848954,-11.006153622351537,-3.035254719334308,10.236862,10.792387,9.534445
132.73331198291802,11.897759102166257,1.1848325254011254,-11.014072587619694,-3.158759517119372,13.502274,13.793623,13.051858
132.72263104008843,11.742952668429583,1.1557208812384503,-10.961261693898813,-2.9044999520626558,13.447743,13.771416,12.960517
132.86804379291274,11.780400784910237,1.155460391758301,-11.010812473047071,-2.846187813509119,14.733531,15.202493,14.103336
132.86250050005347,11.864594294721323,1.1612934664213521,-10.910086136415888,-2.6739446183740516,10.931228,10.968402,10.845841
132.7281451731343,11.737263675667396,1.1514502733017438,-10.90848848269273,-2.8509672128024026,16.823189,17.565205,15.98899
132.81900117845774,11.904198115103897,1.1565504825451691,-10.704862106915012,-2.8825533202109552,13.402018,13.710562,12.932329
132.877319542249,11.81521125343731,1.1807642804908864,-10.756814668636482,-3.1208656247791717,13.156977,13.452969,12.663959
132.877350503302,11.820329049332091,1.1734913720701554,-10.871098243487332,-3.0603213038585775,12.542159,12.846102,12.078667
132.8778161229044,11.81457891942498,1.185162918193904,-10.987722453559078,-2.884211040993244,15.566227,15.89842,14.831392
132.8660752060696,11.862813733647961,1.1586087692878173,-10.548638376399246,-2.6943906867446845,14.422542,14.829265,13.844471
132.85629405396207,11.87744089449727,1.14643050404975,-10.672398106924422,-2.88575516255783,13.119683,13.421397,12.656186
132.8766344162963,11.834946799901468,1.1885305507644452,-10.737645632705785,-2.8444888493719405,15.435865,16.013617,14.7158785
132.8004871490072,11.911219815234764,1.1806051960977666,-10.914533810586322,-3.0126684283421206,15.055208,15.454335,14.488711
132.86096653441743,11.762029515319194,1.128767148846049,-10.18105728986134,-4.003835246441031,16.731655,17.397821,15.942239
132.87455586768024,11.788004957491042,1.1672326381545282,-11.395968267451691,-3.298903330545701,9.234212,9.923115,8.435984
132.8477308835006,11.746155219553595,1.1787170935954059,-11.297972046634602,-2.4117351380613234,17.512157,18.514297,16.493532
132.8802205325404,11.830856999607132,1.120125379291177,-10.913715762898445,-3.0505467816417036,16.10769,16.82699,15.291208
132.87479917720938,11.852503672083786,1.1614754067924695,-11.075499859769742,-3.083520661446679,13.943488,14.260462,13.463041
132.70269971563502,11.751322741169176,1.1052137396840835,-11.394099722664045,-2.325319729708699,17.884558,18.919315,16.90252
132.876708595983,11.783764162731817,1.1085106570162568,-11.14760489182444,-3.0475723314438374,17.182396,17.998962,16.298824
132.6982863852708,11.75634788375695,1.184571092370747,-10.972870069644335,-2.9560263206564548,13.770675,14.065616,13.3153305
132.69326261010053,11.871317607852488,1.1312376711239103,-11.326581052254705,-2.5852233520884966,14.771352,15.199213,14.172995
132.86996312231452,11.866647749676654,1.153299274447539,-11.027758404833849,-2.8579704339902987,12.497738,12.842087,11.990256
132.8743622880794,11.858310365801898,1.1174759203666238,-11.190023959615317,-2.577292035663022,13.17651,13.42823,12.769855
132.84065109963007,11.734733584507469,1.1456107760547898,-10.870096718020733,-2.9415295800629786,14.00755,14.349999,13.497035
132.86787429806353,11.871523661310622,1.1410040755521444,-11.152300603046722,-3.0508183111588667,12.661663,12.955882,12.208599
132.84281321108605,11.735826230673558,1.1478463359125226,-10.666111075543606,-3.032778950828125,16.039473,16.596367,15.337484
132.87629384835847,11.856157575388933,1.1883761137595963,-11.066557845710715,-2.899130014563398,14.705593,15.085048,14.158219
132.85664429836703,11.887724113339994,1.1451108119948803,-10.841225116437034,-3.1363917703658313,15.330952,15.769294,14.726457
132.87060584811644,11.870136624801109,1.1530629383351183,-10.959048655803056,-2.8862348126569737,14.762794,15.179295,14.175256
132.88576013498908,11.814459418206555,1.122584325468417,-11.177682927891727,-3.1110125342820814,11.031843,11.129699,10.845269
132.82635064638185,11.723653029684678,1.133188255371952,-11.31539360934493,-3.1058660008970516,13.27827,13.571301,12.823094
132.88567668576638,11.80669028339527,1.156051408513861,-11.162732982401828,-3.020635670047927,14.014697,14.328153,13.5367
132.83868585489884,11.904020745702166,1.1123583683305776,-11.101722348511265,-2.836618968607379,15.92281,16.478056,15.219828
132.86878960472615,11.759402860877271,1.1119559617818506,-10.876184895802922,-3.113732471705584,15.490891,16.02723,14.798805
132.7222203252625,11.727778451914373,1.1639493874068922,-10.712924993784098,-3.9757366366193923,14.216731,14.579157,13.684949
132.69854336835243,11.747613659568293,1.19102529054882,-11.073850663281348,-2.85939122221132,12.577873,12.832393,12.172637
132.69520199935351,11.882725756405424,1.1586061497234343,-10.847212866297951,-2.578082162262243,14.589741,14.988033,14.013996
132.88838980140608,11.814249844635672,1.1512501389072944,-11.559317488353678,-2.4527583022885113,12.55852,12.859772,12.093612
132.86450791425622,11.884009369521323,1.1619051932502835,-11.084471563261351,-3.021449264705321,14.019467,14.340789,13.535252
132.84638694650317,11.901384065213167,1.1616816228051514,-10.820815682028218,-2.7409374261390154,14.013014,14.3308525,13.532809
132.84158092402805,11.729193511076986,1.190975564593043,-11.027246601217621,-2.75777586047327,16.311075,16.918774,15.574337
132.88569047044473,11.844607163145648,1.1771611230855015,-10.660310192416159,-3.0426989661730897,12.182929,12.304602,11.966126
132.88293843194865,11.854615380482143,1.1551143577898344,-10.961253603828661,-3.025583350406814,13.85127,14.16859,13.367574
132.88409552060384,11.782003990516957,1.1405745194728616,-11.30376842570594,-3.21344985196814,15.925077,16.486528,15.21724
132.87226121480754,11.757667127201513,1.1971104721244714,-10.76908228401133,-2.838370929328335,12.669828,13.133375,12.048297
132.66991747450348,11.79616272342744,1.1696899848253275,-11.005732885951636,-2.932879846151657,12.700096,12.975886,12.2685175
132.70692858952987,11.733365820749187,1.1147577762637515,-10.502813333288938,-3.3006030169129104,16.086548,16.682041,15.347334
132.88394717593,11.77415924756792,1.1983536199850642,-10.635689818471157,-2.9469734782045798,15.982876,16.620945,15.213688
132.86420507379762,11.890704974736725,1.1336331819521603,-10.847552173393598,-2.9421103046705994,12.605678,12.900093,12.152141
132.74003521936353,11.920736885880977,1.1349054718010532,-10.615760205002921,-2.884665662729981,13.237873,13.526993,12.788486
132.8927809566184,11.82883833383453,1.1581733525697717,-11.00094095521229,-3.024715559370528,12.715951,12.990767,12.286219
132.8253723308156,11.715199750360565,1.1652108145702802,-10.997696905307658,-2.8229083046478696,13.132758,13.430447,12.67281
132.8801036395372,11.764057641284063,1.1496221428457618,-11.359096625267487,-3.114843924770909,12.476053,12.772129,12.02049
132.89394229148368,11.8185625284514,1.1401536357221718,-11.070341981082592,-3.139186821293615,15.193318,15.719749,14.519032
132.85904725233848,11.897760851989633,1.1845211386424317,-11.021045358810452,-2.663536525384217,10.205753,10.7436075,9.516186
132.8409452969852,11.721588315349422,1.1321132925613555,-11.01293650027175,-2.766215817611533,14.33254,14.667156,13.835148
132.68207227817248,11.757405528893674,1.106723409490982,-10.476624290474893,-3.0033763827132356,16.1534,16.724268,15.435142
132.82159618308165,11.71017268679667,1.1994518948509252,-11.147954377450043,-2.8555423637559256,14.357657,14.716023,13.830014
132.70729070042316,11.906764677711687,1.172104512108807,-11.532665600560883,-2.411724681326721,13.862936,14.169102,13.394632
132.89268700719853,11.848460302513542,1.1072005613942684,-10.674032914255648,-2.6592580671758217,13.5574465,13.839067,13.1152315
132.89211901247182,11.782151180709594,1.1428496755807436,-10.751235624050217,-3.0742962479772222,14.028581,14.344998,13.549036
132.6772350941831,11.874224322061757,1.1238336572976202,-11.07961067285574,-2.6845449331382367,16.429888,17.047976,15.677672
132.89293114779957,11.852903646602671,1.1661036323714533,-10.599170365839893,-2.7670431843476946,10.87859,10.996631,10.656403
132.89927206176378,11.814308747137101,1.1516329474587597,-11.094732820676093,-2.92446808839029,13.462918,13.759935,13.0065155
132.8903009702184,11.771142008723615,1.1269149169449653,-10.726683242967066,-2.946753568628443,17.483412,18.393568,16.571665
132.88893534634798,11.766579373644515,1.1916506765624693,-11.09125932295968,-2.364582356290815,14.979486,15.391625,14.401373
132.88224816424093,11.752436636335808,1.121547336557403,-10.749407988609626,-2.8656558650909343,15.260983,15.694745,14.661796
132.90026413767293,11.796390371730176,1.1675831516078405,-10.95766710000601,-2.701891933305627,14.304262,14.64014,13.803463
132.75541795747603,11.699663661408358,1.1365886963493819,-11.000922218704938,-2.813512135442598,13.357633,13.639998,12.914842
132.66202511094664,11.782114005421528,1.163168954545169,-11.055457375180971,-2.935259114914743,15.181992,15.669201,14.528713
132.87993579554507,11.888320878491179,1.1504785003477478,-10.752222471218273,-2.9912253092153875,13.567353,13.868017,13.105061
132.67120494919823,11.759231148511955,1.1401616177292155,-10.834784011134794,-3.041040421228866,18.191492,19.383915,17.114677
132.90301474710134,11.833065379693403,1.1050168184801783,-11.047598424370253,-2.872101270977928,15.30027,15.736032,14.698731
132.8527700034123,11.718387609508406,1.1062622113370486,-10.920428440337332,-1.9424237878502832,14.491202,14.882098,13.928776
132.8830724393302,11.88658613865033,1.1599406816400124,-11.068959465113068,-3.110246742822287,12.938089,13.228318,12.490938
132.8279619457319,11.930467749019583,1.1423449412242836,-10.86571156811058,-3.040785647484361,13.979341,14.292358,13.506415
132.756632930338,11.937858305556851,1.1524610466438383,-10.99471132682751,-3.0223585381857387,14.743149,15.124922,14.196142
132.66066507450043,11.776786753817767,1.1599191007904215,-10.997338311994312,-2.785510195005002,15.228779,15.655323,14.630065
132.70041475145578,11.913238056840607,1.1281623824642129,-10.867065693412952,-2.9609140656732618,13.95246,14.268078,13.474898
132.77690926370232,11.692732870373403,1.1943369814690792,-10.598249120901352,-2.7936113437723478,17.669428,18.767822,16.662138
132.89999250235624,11.775989013779908,1.146439920421915,-11.094550010354126,-2.6304655884441046,12.513201,12.871524,11.988874
132.9058083722677,11.834794012600288,1.1779633520914006,-11.297739293957925,-3.1202253359037333,12.437181,12.738634,11.976907
132.6527469052105,11.815353750957756,1.103726297596693,-11.458628782118428,-2.942930879673515,12.900631,13.209597,12.431833
132.65329711142974,11.801422748001595,1.1142478864025975,-10.699993955939565,-2.961622406243981,18.36421,19.280363,17.284899
132.69307431468172,11.90861761695279,1.1389694984527998,-10.934367109692776,-2.802300642106947,13.475734,13.800296,12.987932
132.65341528079142,11.800210349866036,1.1433256724345688,-10.915605477009322,-2.9527818602254436,14.457218,14.875525,13.872722
132.87248424685583,11.903866301242159,1.1048762648496964,-10.76953785720097,-2.7566059423430302,12.686858,12.989913,12.225514
132.88290550282431,11.892454005794992,1.1653892762379836,-11.077753510098706,-3.088899486384015,15.21319,15.647864,14.617261
132.87549486282987,11.730511618992649,1.138710628995105,-11.12911073114846,-2.8893202276298915,12.992477,13.288063,12.532977
132.9051594687394,11.782137561557409,1.1426469907698855,-11.203190475984517,-3.0408304489035083,13.848256,14.174267,13.359042
132.7111608393804,11.925385599611724,1.1961701571160923,-10.893532511074225,-2.961345777766219,15.87026,16.393835,15.190593
132.88480426660172,11.739472847045064,1.1072771795154928,-11.000217403691472,-2.9400829178272057,17.251703,18.096827,16.374628
132.69094495660391,11.91162192436606,1.1188156222898,-11.002634986231229,-2.7994422766737457,16.292366,17.000862,15.475383
132.87958956797854,11.7328114290413,1.1340564643745386,-10.75501640033291,-2.9701164913628997,17.032236,17.805647,16.195011
132.90764848085288,11.849179731498772,1.1352754639503018,-10.754495806335168,-2.8386059575496683,13.323231,13.613754,12.869064
132.69199810714824,11.718959347259792,1.1260384683463016,-11.078118753156893,-2.742081932598328,12.97168,13.263647,12.520466
132.69631483564376,11.71521686090605,1.1857161936991911,-11.203412519417252,-3.0815861755779146,14.006294,14.32014,13.532119
132.74677231164677,11.943561772184363,1.1962631901262595,-11.02962494675084,-2.7174879477827725,13.085291,13.382932,12.623489
132.74966133572866,11.944323758475141,1.1103223219949434,-10.914684885643545,-3.081921027328147,15.43461,15.882761,14.81224
132.88680874936665,11.895752716701214,1.1225773454197885,-10.758493431663156,-3.1052024285929374,14.96619,15.364067,14.398642
132.91266321981394,11.798712202154752,1.1531446485802408,-10.788181690663542,-3.0962831572234144,13.555792,13.884696,13.061352
132.91341313065172,11.834389287204552,1.1954023448326823,-11.010030626412206,-3.1546867036372594,12.105291,12.394946,11.656719
132.7305037700773,11.694378651261758,1.1189767817141931,-10.056577383623136,-3.2813400714946064,17.226446,18.03737,16.36239
132.91364071106884,11.79536949987665,1.1156850678286436,-10.655290228187708,-2.680152541894994,16.762136,17.473774,15.951523
132.65908748085454,11.756139997871035,1.1202014609928008,-11.03237060746562,-3.0297417961670794,16.767925,17.493294,15.952384
132.7880497367292,11.950087185911395,1.117628079696173,-10.81329406984865,-3.14178584962704,14.3914585,14.730494,13.885924
132.8096958733922,11.685882883389542,1.1387601234987006,-10.896987342808853,-2.891072872843097,14.329582,14.658145,13.837925
132.72659575297266,11.941396877125381,1.1235082277517145,-10.764558027950004,-3.09607298941626,12.633916,12.918714,12.192529
132.80405067046604,11.950244644503293,1.1756988028085855,-11.265042153183439,-2.8771006793665697,14.285123,14.623916,13.782375
132.66944550187847,11.899817493116494,1.182368440254217,-11.006667393357382,-2.6840650120283276,16.775558,17.515007,15.941179
132.73772546670352,11.947413963345179,1.138911951245019,-10.691395725787189,-2.869787422778784,14.780747,15.156235,14.238452
132.9200212614001,11.818209499276277,1.1391250114179854,-10.885528442510711,-2.901041344737817,13.6566,13.951415,13.2001095
132.63875586038705,11.817252400827062,1.1593371856224122,-10.996754368288094,-2.9188907815907243,14.28375,14.624263,13.776568
132.91405778104226,11.86267313930971,1.1648538164799989,-11.135822105017795,-2.997033552253905,11.871005,12.371169,11.214236
132.8990278346759,11.892973386369523,1.1370045521599306,-11.215168887955025,-2.768860561402737,12.008891,12.505912,11.354177
132.86615190719334,11.928030936523623,1.1501108560585707,-11.065444578233787,-2.4014324273925496,13.1609125,13.472093,12.685681
132.68335992715086,11.713735977726866,1.1339649572498915,-10.885506595890048,-2.9967665104841967,15.465085,15.916552,14.846223
132.6899411065289,11.92656892677988,1.1584740293058213,-10.950103850788636,-3.1890622356037106,15.563312,16.04682,14.922373
132.89369951518378,11.730401392480838,1.153956309976424,-10.83227375679001,-2.9020835747875022,14.419957,14.758982,13.914139
132.9185191314346,11.777172276056481,1.1465277837638408,-11.146946065919893,-2.62619181267579,13.696044,13.9933605,13.237873
132.75278966075314,11.6781379700168,1.1173609348136337,-11.094244818503388,-2.9886764668091765,15.142609,15.560107,14.559809
132.6584871639753,11.740392425699033,1.1847627103530336,-10.907979074671882,-2.8189482279425064,16.021338,16.565102,15.331724
132.92284520452912,11.793367350545322,1.1718476550398178,-11.217333153306079,-3.2863116879810303,13.944253,14.263831,13.459221
132.92451565493155,11.827119478876625,1.1550682309567175,-10.99965272255971,-2.8399463087121783,14.765704,15.141557,14.222617
132.88722855821908,11.913182080369104,1.1580863866435969,-11.289358803525538,-3.1886962179197056,15.51013,15.98332,14.878817
132.6412912486113,11.774233150427253,1.1635157310568554,-11.039098983213304,-2.8943208202721378,12.722943,13.0001,12.29189
132.86126492369382,11.936701769755803,1.1608148504094395,-10.757744045300162,-2.9361567189199205,15.458443,16.063732,14.711127
132.88354241088408,11.91905446290901,1.1911351747846974,-11.002818180143164,-2.71523604682063,13.500302,13.820266,13.016366
132.9268333531552,11.831089645075567,1.172419008532738,-11.034987867803295,-2.6685513116495203,12.405653,12.706324,11.943708
132.92637138383867,11.835454589662037,1.1955166033196214,-11.020328143564376,-2.5837009860806655,11.352173,11.875141,10.6764
132.919383365524,11.86854455190609,1.12142965270055,-10.981502503263274,-2.865172804067411,16.304115,17.0596,15.453133
132.81596566155284,11.67507769691382,1.122256470340747,-10.983548329912605,-2.861247984370542,14.613161,14.970156,14.087489
132.91265988900622,11.88477378005925,1.1295988550596074,-11.14890462607258,-3.1015217821829406,15.21375,15.730239,14.541624
132.6899512364087,11.93425324859769,1.1329994670291343,-10.880323742976966,-3.1514847670556514,16.981943,17.765577,16.137308
132.91693931839475,11.878705222461525,1.1667045150912894,-10.822617087722866,-2.723085826869601,13.6506815,13.9500475,13.189482
132.91470558065834,11.750367117572235,1.19506307548707,-11.083894737215799,-2.7101304643260864,15.112006,15.527562,14.532009
132.93103535395755,11.814491582580228,1.1496256640053013,-10.648310994113942,-2.9967432541975163,15.486406,15.951807,14.8561535
132.78684197557288,11.964903792311576,1.1476824018373324,-11.138880381444647,-2.9493700162828205,14.0869055,14.395877,13.6187725
132.65410423899596,11.901286526183664,1.1491500704088173,-11.199219729214743,-2.9066633357074165,14.227486,14.647735,13.637442
132.80520753195376,11.964632713843104,1.1478500994754248,-11.088255401983337,-2.9166673423504177,16.481857,17.13011,15.720436
132.90220173714548,11.907574272558689,1.1677461446336417,-11.046744280003846,-3.043746731313532,14.985489,15.400153,14.404499
132.65839887499996,11.911299310748314,1.1281807899881124,-11.320989728892245,-3.1819900468413262,14.5575485,14.926761,14.021258
132.62932023153516,11.854524256710336,1.1726613697027777,-10.916262135924672,-3.03553054602428,16.481094,17.112858,15.719627
132.79486962131747,11.664127724499213,1.1911197679997583,-11.457302384229987,-2.797533013344939,14.478987,14.830023,13.956089
132.82930655944386,11.671026649492779,1.1725303389480801,-11.074904357919229,-2.9729611098950617,13.576005,13.867312,13.127747
132.85705220990582,11.682440599343105,1.1545613461391588,-11.175810105886205,-2.9770748952758153,19.159616,20.56719,18.031181
132.6459317244846,11.898459398392847,1.1376006567119523,-10.911317542630508,-3.1293996378340765,16.56899,17.276886,15.759627
132.88568386026867,11.701443190214748,1.1597529619130709,-10.798212263980254,-3.02303429448403,14.370695,14.778187,13.800363
132.7488094915001,11.664582728399688,1.186706356939782,-10.76168779800348,-2.5536284301621364,12.934086,13.216642,12.496551
132.90423542326172,11.913875744577503,1.1622667106549676,-10.564785104397117,-3.111808471038244,15.285419,15.724906,14.678334
132.62100175014422,11.806565538407117,1.1212306753823609,-11.336843974635103,-3.1122454290971637,18.527672,19.663069,17.482483
132.93331447306122,11.773469588156832,1.1928675245477283,-11.064008059202138,-2.7974852376801067,12.58977,12.961867,12.053606
132.90458932171813,11.916652622822426,1.1466871609564244,-10.814863037037977,-2.9247398888522333,13.064538,13.358602,12.604801
132.66864453603912,11.703203361474632,1.1444891099800591,-10.973786313314196,-3.157198290279965,13.908649,14.215045,13.445065
132.93636327609062,11.779444275070043,1.1711187606178073,-11.116690959825416,-2.9720513034679388,12.726845,13.183458,12.111678
132.7430592409531,11.9707759649278,1.124400367500204,-10.41439045137393,-2.9865974167343072,14.337803,14.670683,13.840403
132.65051057203152,11.721681110464335,1.1993778030648812,-11.14123826159362,-2.589153304745703,12.491335,12.956386,11.8680935
132.93681792799913,11.775272998226534,1.1484106186508898,-10.690197352393458,-2.9030327641722176,17.62397,18.488525,16.681686
132.64285898623305,11.903260557433764,1.1063780468834332,-10.69728012641847,-3.0566881614280463,17.611193,18.54234,16.669674
132.69135306031572,11.682888181955652,1.1878950322851378,-10.65992538572044,-2.605825920048738,17.782135,18.815495,16.803581
132.77936117137014,11.976911588209155,1.1163833828605643,-10.114698160241907,-3.8735571868725085,16.716963,17.476084,15.873037
132.8290048736963,11.969719492414635,1.1621499864326637,-11.079034083308958,-2.982791481959241,12.04278,12.533648,11.394725
132.72110263208714,11.667283984723577,1.1413474446249217,-11.005223893228894,-2.946740065017295,13.522219,13.813715,13.071187
132.67174700322008,11.93769599706798,1.169045679403406,-10.979986011763685,-2.919521351371557,15.46138,15.928067,14.835497
132.9322467692491,11.754114740587678,1.1480116098473825,-11.144033678858182,-2.9973951704404325,12.958711,13.239197,12.522504
132.61239985454657,11.808684045409903,1.1380132062573187,-11.057096004231463,-3.109537878387173,13.184756,13.4932995,12.713382
132.6301561524312,11.891039794693599,1.1975182950147931,-10.988654161847268,-3.1358601619270594,16.69441,17.374727,15.895476
132.78309377063175,11.981478881756251,1.1357587306009553,-11.282678776367648,-2.7662561531000627,14.5729265,14.929296,14.04838
132.83658070499246,11.661139389314569,1.1068811034069665,-10.978386528054113,-2.705342880277788,13.543837,13.835651,13.085463
132.94334899041655,11.774074062147497,1.1398841940372748,-11.023113991793487,-3.208236843097688,13.249134,13.536736,12.801349
132.947537936037,11.786013808580423,1.1401604588075593,-11.091429929202757,-3.0221804066462754,14.115577,14.516032,13.545325
132.9364128137695,11.750350145304576,1.1850340822961247,-10.843515822236329,-2.7832359448038386,13.221856,13.505016,12.777791
132.91136132228402,11.710377882388086,1.1001952338359602,-11.039626963471143,-2.8330817111997577,13.978698,14.285119,13.50795
132.9247191996306,11.726992089258353,1.1539230126758735,-11.039257117823222,-2.7825287420945317,12.564291,12.855199,12.114604
132.79034360399598,11.986013756183572,1.1409356378322533,-10.81463792668292,-2.891204384153836,13.618245,13.908617,13.159418
132.82818895080504,11.654099213203898,1.1188024254158893,-11.270390740263526,-2.3327320869783845,19.383757,20.612698,18.297272
132.95272345917692,11.793212046471833,1.1333270458433289,-11.567488421941064,-2.6624035821996967,14.595134,14.982977,14.037757
132.95388699197713,11.800601182942918,1.1751151657797319,-11.043982687597914,-2.97089321687067,14.330846,14.6671295,13.827765
132.86636497199126,11.667473218641899,1.1842722728713826,-10.627230208040263,-2.5307213539067765,17.356447,18.21495,16.451775
132.92811045842987,11.911033335168907,1.1255430323898683,-11.120668769211786,-3.055609226644826,16.897709,17.640144,16.067812
132.949707193633,11.867357019374836,1.159765656636281,-11.107290583091018,-3.108961373929648,17.94578,18.953608,16.945137
132.68683503642075,11.668969385715604,1.1369185828078567,-10.931242385002548,-2.835737048948981,16.064222,16.62728,15.360501
132.84657329742475,11.65412257197051,1.1906199447939703,-10.906883855587955,-2.785449201893718,14.740636,15.121491,14.194714
132.73755716442255,11.987734514931494,1.1353920199140781,-11.129783266603662,-3.6652205119317443,12.96438,13.262913,12.507452
132.7825781787741,11.993158360225623,1.1148318822145746,-10.859975281745795,-2.780820156009243,15.526613,15.998124,14.895134
132.9015545710283,11.947444044473949,1.151258927446204,-10.865793369492977,-2.6767871558733454,13.826932,14.130809,13.360292
132.94027144064015,11.898465003340176,1.1654894993599636,-10.788504113957778,-2.8174305773099717,16.37992,17.169735,15.514952
132.9414876335358,11.735921979596027,1.1453005274060561,-10.950138276874945,-2.985389678677298,13.2420635,13.527269,12.79612
132.90652611267652,11.945705057064833,1.1356339724971882,-11.144002311685272,-3.0833634355975112,14.259432,14.597058,13.757588
132.77903655329845,11.995985845485437,1.1459637299655883,-10.970780088326563,-2.1465884952075096,16.507046,17.177298,15.72263
132.962378253863,11.796221568765866,1.1907763139891792,-10.924483864469117,-2.962645946156349,15.487612,16.152365,14.701262
132.743675310748,11.99429276753183,1.1431858133006259,-10.753937186472175,-3.1494620690157342,14.074816,14.401864,13.577243
132.95912721713935,11.768575771671733,1.1781231211794791,-11.119215761528935,-2.9102662518697855,10.512736,10.981301,9.8806305
132.84940719217153,11.647808552686099,1.1728343536955887,-10.977121760002024,-2.8428819439716824,14.370622,14.710147,13.864649
132.67703242444696,11.663719399426444,1.1561761278494642,-10.886673968700432,-3.0081097562503696,13.282914,13.574538,12.831583
132.96787392012416,11.821019252939564,1.1143898545828643,-11.103473388494574,-2.7947447252172584,18.337536,19.492086,17.216806
132.6013955105936,11.876713191409133,1.125721146989938,-10.754638314747961,-2.93853927332931,15.127704,15.528373,14.555145
132.59140657907602,11.804009516904314,1.1197602590185665,-11.754603452491395,-2.2657745711036217,19.665215,20.906252,18.585402
132.5974177085976,11.866245855696935,1.1619956688041355,-10.889865596424958,-2.7771564241997924,14.47016,14.892172,13.884494
132.96193564044148,11.8690305413492,1.1494238452980954,-11.191931106548314,-2.999129346431917,15.614151,16.10351,14.970559
132.823494922091,11.63612047254699,1.1561639785858304,-11.355350381296425,-3.2666325805683982,17.851322,18.834848,16.871155
132.9274385450047,11.934727672758932,1.1537012052776487,-11.019900292839868,-3.100042692238614,15.663899,16.161303,15.013148
132.7354782659877,11.635603634195128,1.1863568069071122,-10.926584592238708,-2.9209529809706103,13.981238,14.291253,13.509676
132.6168447369115,11.914038327090946,1.173629208139961,-10.508451526221318,-2.346893130381085,14.022076,14.346082,13.534678
132.62053652111425,11.920007814935259,1.1429517856833493,-11.003755534255104,-3.114767973287665,17.799356,18.772966,16.838612
132.5898482026766,11.839757873374662,1.1405180672621074,-10.690622151908336,-3.0684709334580487,14.345399,14.677431,13.850436
132.97224917790228,11.805787369253986,1.1796680102998034,-11.459033780124834,-2.803959890324898,12.582053,12.871201,12.135184
132.62787602020248,11.933763006616363,1.1342490610145453,-10.34970628260864,-2.8249116080225845,19.450731,20.710962,18.318314
132.8602897050583,11.6435687214845,1.1444482936268856,-10.964419477970303,-2.8227485139999167,13.536232,13.826424,13.087331
132.97035923901612,11.776606866665617,1.137687286282276,-11.026042633074638,-2.80670874452866,15.615606,16.20991,14.878177
132.8746726342096,11.983970622438758,1.1099962747999923,-10.757312829544821,-2.193895074971879,17.687927,18.724928,16.666796
132.5838118186337,11.819730066965864,1.1604695647934127,-10.799612437851867,-3.0503189827838506,13.447599,13.733278,13.002812
132.9540253392064,11.727738379240769,1.1990922435893647,-10.862558833409526,-2.7491880903088717,15.079404,15.490598,14.503993
132.8980333794092,11.66304359463066,1.1068715921782215,-11.164370924732673,-1.7953610828072373,14.176739,14.558428,13.619871
132.8550102591567,11.637819660800849,1.1479300800918495,-10.773947228793464,-2.786641132656328,15.014009,15.411751,14.444801
132.66621243569736,11.975655771336866,1.1468789802821828,-11.1677691058446,-2.8858137045657832,15.466809,15.926169,14.846806
132.93600366168363,11.697505091868937,1.1554649742275136,-11.259670152003174,-2.9435768897849792,13.069575,13.3552475,12.623273
132.96264339018683,11.74128423823179,1.1002058137094062,-11.069435463894395,-2.445071526394103,16.646383,17.440344,15.771865
132.70170447577158,11.996349383850434,1.1408635570858003,-10.619743432887606,-2.9355143106290673,15.21902,15.655648,14.6124525
132.6180038117233,11.702717639238987,1.1940471554837702,-10.978732829397114,-2.684953919988814,12.782185,13.054165,12.357895
132.86916373027682,11.642082754954398,1.1734004281522512,-11.14224880013666,-3.002587473004453,14.749684,15.153382,14.173037
132.94620384817577,11.708268332778822,1.125514565432455,-10.745512282115364,-3.026184623271372,15.0919895,15.498776,14.522993
132.8982920955117,11.658938927547727,1.1436050945138663,-11.090158260733734,-2.9545683558049136,16.652458,17.33415,15.85708
132.93281414390037,11.945133727472605,1.1780903783504708,-11.084110996404632,-2.9578852877654853,10.234691,10.783527,9.536458
132.98155898548345,11.810603368316759,1.1549365951807669,-10.96661578050875,-2.968902570504926,13.733011,14.075472,13.225611
132.8281014611802,12.008986787460117,1.1057196296925933,-11.201543990375214,-2.417877743115188,18.52638,19.554173,17.483887
132.91057381069493,11.666135898461603,1.113630410961549,-10.909638440967843,-3.0899608693948846,17.071058,18.06072,16.087378
132.74032321431204,12.011280480391266,1.155616317210312,-10.845922431687558,-3.081908369052811,15.534751,15.995549,14.90335
132.7266476726063,12.009142383338025,1.1750824067679562,-11.154944412102218,-2.994100851410389,15.881221,16.47496,15.143741
132.92038290015353,11.962325476161402,1.155425456872371,-10.732815318625558,-2.3187495075022966,15.54789,16.121712,14.825359
132.7156526265943,12.006857876902394,1.155703259110584,-11.184471577421837,-2.817642973484883,13.298922,13.588947,12.84773
132.70285566126088,12.00252748114649,1.1260073740133676,-11.336894810931037,-2.8196203905624966,12.631922,12.916938,12.192488
132.9837699182939,11.83743920414589,1.1802394172312327,-10.940141682125494,-3.7460475093367744,12.650929,13.143297,12.003389
132.72505431773607,12.01026187724462,1.12976734825351,-11.120773029388607,-2.967014890140648,15.073603,15.489912,14.493331
132.95189365423684,11.706350079233795,1.1591146785838828,-11.596833202437328,-3.145855519847993,13.885436,14.191787,13.41704
132.78376461217343,12.018469006546416,1.1485641042661476,-11.667729407578365,-3.0218843491475704,13.459555,13.76477,12.989604
132.98552808642546,11.803469658701207,1.1776333916293928,-11.054719739182751,-2.820225922159036,13.816404,14.121263,13.35041
132.98572104377084,11.790265575793763,1.1474845645421368,-11.074258133275235,-2.626445869131242,14.223176,14.547518,13.733359
132.9703186145397,11.735482420403102,1.1971884675337028,-11.010524344336783,-3.0057696596419285,15.4304495,15.873556,14.824652
132.93836375385104,11.948695079084786,1.1938733065198046,-11.059907922158319,-3.130626212807698,13.429287,13.715576,12.981228
132.90060200379995,11.648966605297346,1.1708293956288622,-10.774123925583538,-2.748970899341397,13.775511,14.079675,13.305323
132.97893567912988,11.884990675728341,1.1072800414686905,-11.052348715082129,-3.146010217204108,15.524313,15.991479,14.895766
132.9720482526612,11.905413087403675,1.1379834532946482,-10.872213699228553,-2.7976281073659033,14.4128,14.762888,13.895646
132.87691193267312,12.001949074407682,1.1030576904395089,-10.941382767337526,-2.820324323886003,19.526741,20.925879,18.412025
132.79275009161614,12.025423598946663,1.1283923415400154,-10.625220420770718,-2.843694130094833,15.816169,16.32238,15.157386
132.9949272820713,11.804111229722764,1.1810930230379635,-10.927283764633597,-3.065372344145131,15.329978,15.776045,14.725095
132.99483964635692,11.834028670729893,1.1492632333212993,-10.365690276105955,-3.0831956424837195,14.14483,14.494257,13.626384
132.77652431097883,12.028031656746716,1.1471914229471987,-11.060924921596094,-2.629969087360542,18.89432,20.183016,17.824833
132.72768553596418,11.611315397738975,1.160573110049309,-10.82379290801219,-2.527076116016115,18.247952,19.19051,17.211523
132.97489117078567,11.724246443279823,1.1488719732576453,-11.002730841727448,-2.5817657122853404,15.931609,16.473673,15.239141
132.67177537251493,11.633073870527276,1.1234658038125964,-10.68423299300743,-2.839902454199811,17.851824,18.999434,16.802126
132.9910699532655,11.762754944319363,1.1806644130765818,-10.888693202264939,-2.9884903246646006,15.176177,15.680784,14.50308
132.9841647470044,11.893260542369095,1.117502065437183,-11.054155597802225,-2.9711007543265495,14.852621,15.243009,14.293426
132.995735795022,11.853938868529912,1.1461415038725684,-11.036422659312805,-2.931249801336431,14.967571,15.372852,14.400892
132.89348112544673,11.632609571625212,1.1986323362760365,-10.78958135417184,-2.5260249874624843,13.040115,13.332144,12.587914
132.99410759813009,11.870910106963603,1.1572548993197873,-10.939893892242644,-2.671018587838638,15.070633,15.485975,14.490996
132.77719082541157,11.599691095661335,1.1485762475750647,-10.819024517765474,-2.9411783418191577,14.38763,14.722945,13.886174
132.96621304842955,11.935768188287447,1.1194168399924276,-10.825320740380477,-2.6175660391784117,15.650209,16.251682,14.894602
132.5765684642013,11.906660294104235,1.1737446440453903,-10.795903653265238,-2.693286411093439,14.620219,14.980143,14.094559
132.88530719417034,11.623653959067692,1.1701211232157724,-10.677739486030568,-3.112193613602102,17.425936,18.332941,16.528624
132.77967189428244,11.596839700389491,1.1809791276690245,-10.491897345886088,-3.564236200997116,13.992014,14.295077,13.52625
132.91241605794872,11.638489533508054,1.1951780803689525,-10.439547633429406,-2.667700777876436,19.050217,20.202688,17.94654
132.5678547779273,11.896664577949059,1.1439061285204002,-11.011266992467508,-2.639836167283372,12.728699,13.003568,12.298842
132.5719416291857,11.90772967129554,1.1012394187022663,-10.926629236255138,-2.7624584685032154,15.314818,15.751664,14.715362
132.97211741502974,11.938080944634143,1.175003165166099,-10.843900074924184,-2.836975220147353,14.3154955,14.721404,13.742359
132.99843909344895,11.88267710862665,1.1950705700907047,-10.860939849524547,-2.613840383627882,12.670234,12.967613,12.214078
133.00893277320804,11.818979478458504,1.1807411446386769,-10.604158293282133,-2.7253266180685753,13.218655,13.510041,12.763825
133.00213407214537,11.874760515293989,1.17210363735968,-10.920098043250938,-2.6079294661629815,15.048021,15.452555,14.479931
132.991509781731,11.727379911166295,1.1983774854565719,-11.135417718541852,-2.419278703827967,17.150433,18.133461,16.180075
132.92826067515676,11.991943436160176,1.1708543283984352,-10.833883143465538,-3.052899448126883,13.897799,14.205775,13.4166
132.56099327197654,11.741549510916894,1.1618785955302653,-10.766724021001561,-2.863053347286166,14.932814,15.330168,14.372405
132.93714865266165,11.649703245137971,1.1592611514668354,-11.19195892476042,-2.7318353390341716,13.410427,13.697819,12.964019
132.55120535653674,11.856791616775809,1.1811350509906289,-11.083341067000251,-3.004594647606234,8.222472,9.105073,7.3007135
132.73191346535205,11.593182183493196,1.1810987393994719,-10.884446225477612,-2.6286636496736335,13.221919,13.509435,12.772107
132.6491184401455,11.626752275914125,1.1670147757357756,-10.81060727025664,-3.6913952738752442,15.050134,15.461226,14.473261
132.59001250522766,11.682053365222018,1.1718849113059844,-10.810660644925889,-3.070905992993495,13.54289,13.832591,13.09493
132.95735945567358,11.666229152817056,1.1603930736879924,-11.135251702058747,-2.817235039931667,14.414763,14.834155,13.8322115
132.97116915166364,11.681566308474741,1.1593447725621102,-11.223499757844134,-2.9377392337531636,13.2109785,13.508897,12.749621
133.01145380646867,11.767735075761584,1.174805110038957,-11.022991108446831,-3.1030390107828554,13.031916,13.323428,12.578972
132.69243758471842,12.032824569192268,1.1345570942503178,-10.911000329888505,-3.228813877134857,13.277014,13.56572,12.82912
132.8285289440775,11.588236796633808,1.1292708563594203,-11.000924849463107,-2.611138315066917,15.8911495,16.41352,15.21304
132.78770532888203,12.050601436357928,1.1530946179273056,-11.027386254648546,-2.9450812202115264,13.56774,13.858755,13.117736
132.72810740772357,11.588554645817673,1.191740997843661,-10.994851684126683,-3.0129204363927893,16.543694,17.221472,15.774389
132.65041197335998,11.618320192932396,1.1288742969554475,-10.891827750680374,-2.93656727056148,15.931817,16.460413,15.248056
132.9979616884544,11.917996756504506,1.1575714097305165,-10.974584457434423,-2.9541781668487817,10.210122,10.752384,9.518223
132.8839407689015,11.603474200237882,1.1568720743566456,-11.192896954401569,-2.86584517287699,13.151058,13.443035,12.696921
132.97925790423926,11.680642828614753,1.1620889654408315,-10.93324782128227,-3.082821477005774,13.872696,14.228158,13.3513365
132.9141658543413,12.01587038802481,1.1206601094958881,-10.661211214235486,-2.9535786787602922,14.43516,14.779129,13.922674
132.62085201174244,11.6359111528149,1.1420813291546128,-10.730773118397652,-2.8776854861817647,13.646082,13.937034,13.196364
132.8197044275423,11.581278581687641,1.148524052178257,-10.836209723097475,-2.637499448449433,16.043224,16.594904,15.34548
132.6548734283807,12.022979061924914,1.1580055798367657,-10.99716095608239,-3.0032752338196804,15.813196,16.327116,15.145629
132.9889956157857,11.691566321094383,1.1247664383860094,-11.24613049450573,-3.030466624218959,18.459494,19.585896,17.412592
133.02122979306003,11.77260833922971,1.1534567444598798,-10.651621486745277,-3.1144236627052226,14.5953865,14.978113,14.04606
132.90855943664283,12.023434198660938,1.1851421863536962,-11.180901473732213,-3.243109739455789,12.835385,13.144894,12.365811
132.9505267651695,11.992014066494201,1.1065659556955076,-10.79887873361671,-3.140280497233058,14.922193,15.353309,14.319745
132.70677843006635,11.58580582139235,1.197132687579274,-10.893187849806127,-2.83944372863288,10.960272,11.49619,10.270943
132.85538541143225,12.049013154771263,1.155151961830552,-10.907364072655643,-2.9775437730629193,13.385247,13.942224,12.662985
133.02972942766417,11.823727025673374,1.1570041195447474,-10.852097717416992,-2.7392166784412186,13.264436,13.553966,12.813642
132.84976910451695,11.580653764401506,1.1392711511157656,-10.926635324562387,-2.9569290212141075,13.862155,14.222431,13.335797
133.03085815325235,11.839476227075242,1.1406007062193397,-11.139468532176442,-2.9444612266845818,13.080602,13.382488,12.617014
132.55058784905737,11.71471606766157,1.1255264375617482,-10.977457425001013,-2.984442062651169,14.953916,15.352071,14.391864
133.0016787318734,11.935279430301359,1.169331637872779,-11.159537043099313,-2.915426036728221,14.196356,14.529883,13.697763
133.03269795301233,11.830537500608889,1.1661968586223292,-11.13716274586982,-3.2041554548039377,13.701042,13.998466,13.242807
132.87466139670332,11.586422750222024,1.1767322900760782,-11.142091554467282,-2.664146306289643,12.576983,12.871478,12.122548
133.03040442203098,11.858723576129126,1.1657274094912444,-10.972085249212292,-2.741948990646473,18.47079,19.578617,17.434874
132.8662181738173,11.582575959164721,1.128511691604889,-11.14584410701111,-2.8508341650289486,14.774575,15.151203,14.234624
132.92746267714128,11.613696518011759,1.1104700970960861,-11.024630026687163,-3.0038071853259094,16.339571,16.94384,15.607137
132.97975626510382,11.661155313506896,1.1523114153632217,-10.963046541138059,-2.9574854305541485,14.207137,14.533503,13.7158575
133.0351559982034,11.802907620334876,1.1350684189173046,-10.868369100959566,-3.0162067512432937,14.541533,14.899352,14.017096
132.58899532869188,11.985805860050379,1.1812421617785736,-10.771037423605929,-3.1710610552947154,14.855843,15.236027,14.308531
132.66817765209467,12.044008196478378,1.1506098304151267,-10.97615684239501,-3.115945712232021,13.70182,13.994804,13.251807
133.01366413665332,11.711260413374298,1.1394345272136428,-10.910197649862038,-2.8727727066897697,15.073325,15.480404,14.493687
132.97448114015353,11.651336868034583,1.1323369344201926,-11.199787473962225,-2.840403660922439,14.349534,14.683743,13.85178
132.53303603594048,11.898461270646461,1.1022652379816917,-10.591147405818457,-2.854471452633465,18.636377,19.85518,17.531057
132.92939612707843,11.608003894698795,1.1711731381142008,-11.40419065583203,-2.369997333329492,13.98377,14.349852,13.452127
132.76953337602475,12.072005630471182,1.1485572710917131,-10.932152309281328,-2.9598280080646333,13.405049,13.697409,12.95372
132.70254766416016,12.06147185251276,1.1304067764095382,-10.683533092092802,-2.878745929025981,13.497531,13.782619,13.055507
132.67753031706644,12.052784525865373,1.1469923387426275,-10.692609817504035,-2.7674159162493943,13.223673,13.503774,12.785437
132.97266682757402,11.642391248543529,1.163966201676433,-10.84199757338084,-2.753510194000299,12.53787,12.833331,12.083925
133.04001385389932,11.779497951989923,1.175451005810465,-10.752449432238148,-2.9260942893511457,13.884225,14.188277,13.420684
132.98343857150124,11.65381174062153,1.1118491761130465,-10.822499585455155,-2.718516236181586,14.445664,14.798343,13.927102
132.98383343429364,11.651142288915132,1.1363390292197852,-11.204268007128416,-3.0353683602962382,14.014649,14.333448,13.5349655
132.80847076433375,11.558483726687111,1.1644582829236667,-11.036276926759243,-2.8369970019319144,13.169649,13.453252,12.727606
132.7621693148779,11.557058177227578,1.1099441120943034,-11.167926557875106,-3.138173641266386,15.617603,16.08904,14.982506
133.04797891137895,11.812381184016221,1.1753934561804975,-10.93551969210037,-2.6941107769109918,17.756857,18.750563,16.777908
133.01477662817524,11.689962317917043,1.1348171776928684,-10.81287407165906,-2.6717989810460008,12.572901,12.863356,12.124962
133.024145343748,11.70685105938673,1.1611473132023893,-10.771296488937693,-2.3505250338594794,13.562483,13.8701,13.085644
132.90269498825973,12.053764354533875,1.1879090612228893,-11.218958981746571,-2.9443452919017328,17.691051,18.61486,16.76402
132.59578929639298,11.62168599065106,1.1684561011726533,-10.793990637936078,-2.785397737257412,14.855805,15.2381525,14.307092
132.89776285641383,11.575589092368073,1.1606062868335307,-10.792812803129003,-3.104442640137159,14.496078,14.84606,13.980469
132.90556785469846,12.055400688224605,1.1597425525817517,-10.80287029210822,-2.908852657995225,13.560873,13.854291,13.109816
133.05388038659012,11.829556477260303,1.194328838531942,-10.62540225646594,-2.867762534932603,16.575846,17.244259,15.782944
132.5423235148023,11.95348727425854,1.19379924190674,-10.568112086182023,-2.772802560904538,16.799265,17.522436,15.976121
132.83949335458755,11.552022363234785,1.140031985679314,-11.145961504389758,-2.9764563979383154,15.33606,15.883775,14.636331
132.8780950154636,12.071120583145962,1.1086985946246954,-11.245688126328368,-2.7978456768676048,14.535909,14.890414,14.013936
133.04471397852356,11.734950880736651,1.1820988824831917,-11.154922958824535,-2.781450371016883,10.640092,10.683743,10.543572
132.50968068046708,11.75248556636292,1.1605325699597253,-10.836741268880573,-2.955344614275564,15.9672575,16.512125,15.276395
132.9096680958197,11.574321810691997,1.1478513512234012,-11.145548583830411,-2.7963207229342886,16.54981,17.222261,15.767192
133.0137191460236,11.96794278841992,1.146057830424664,-10.923959520246562,-2.872912113939673,13.851966,14.161459,13.378931
133.05391166263237,11.758029111378265,1.175726643877017,-10.982262164313504,-2.7919313421744922,17.637362,18.717545,16.621914
133.05590423274012,11.767011728804635,1.1655713612446685,-10.876591561405313,-3.1932417185873505,13.319092,13.567171,12.918805
133.05953429084906,11.84775905398868,1.1518104068533068,-10.69707251519139,-2.955523274749349,14.032978,14.411555,13.490376
132.6449472508009,11.57454846716471,1.183441424147861,-11.127073169770629,-3.0133142843801655,16.02001,16.555176,15.330141
133.05998791219702,11.775827341150126,1.152828112024887,-11.036112751932663,-2.7643190065345156,15.46716,16.01657,14.754136
132.85802503339934,11.550009171192468,1.1060934570050205,-11.036598204696418,-2.8588765356270285,12.560714,12.850648,12.113398
132.9955065543135,11.998896448905422,1.1701737398093675,-11.00979532681292,-2.705595316274584,15.38498,15.834988,14.774515
132.6925009647109,12.082218335693861,1.1263390880905002,-11.117491570118371,-2.834088719991729,15.716153,16.21302,15.060918
132.674734645334,11.55728827211277,1.1352121992742288,-11.017385745554687,-3.0036196170754392,17.401415,18.315432,16.480413
132.7382900632234,12.093446547743225,1.116340997102261,-11.01004257036195,-2.8747245293806514,13.82129,14.12392,13.358883
132.64075227191051,11.572577923148446,1.1608150866882294,-10.837366610471058,-2.511586722139051,13.559339,13.852017,13.105506
132.5041780053613,11.89178394928854,1.1869780378276942,-11.14695527368163,-2.731922086265841,19.332064,20.700502,18.208103
133.0658669868118,11.775536036723082,1.1974372150164654,-10.990718285808308,-2.715805692286223,14.7921715,15.167705,14.248565
133.06868404462446,11.793938862910649,1.1557868546226397,-10.962313895373459,-2.7593397891169444,14.694768,15.064553,14.160012
133.0701137302507,11.808667250380841,1.1024982258091767,-10.895704180951206,-2.9860036466140905,14.231096,14.722921,13.5720005
133.06434744677256,11.883738698877051,1.182116949555143,-10.727088852230832,-2.895973407855127,14.340963,14.679013,13.839641
132.99190266518517,12.016553873113118,1.1239949298108451,-10.99430966713652,-3.1841337921435238,13.63848,13.939741,13.176405
132.74134665055954,12.105519412847636,1.1418545331876582,-11.034044025288217,-3.2742817904225854,17.209242,18.029957,16.33488
132.539936113674,11.644975585603671,1.1481136612719698,-10.807134014824516,-2.6407555275310104,14.332987,14.661368,13.839628
132.49221310059878,11.895640990132483,1.1905598283621697,-10.686203262034098,-3.6223173818258614,17.50945,18.471096,16.543425
132.61445316787172,11.572446550596611,1.1360411612460959,-11.011690208062197,-2.8267111351202727,18.204798,19.293234,17.197138
132.50346443346646,11.702718360840947,1.1760488762712418,-11.001830182087435,-2.696617235800196,14.022008,14.336729,13.546353
132.76117470890284,12.111020130899298,1.1631822543250008,-10.75624048380413,-3.2838157127780963,16.685137,17.376728,15.8831625
132.54139142811897,11.998307464479774,1.1695584827783538,-10.890095381337822,-2.9500861746811626,13.780851,14.084261,13.316099
133.0797777647775,11.864407105643213,1.1163385787218276,-10.89250866483863,-3.2063162391575357,17.732718,18.691216,16.785843
133.0599524732258,11.701474393553186,1.1291568930199434,-11.33314631996463,-2.967315798437775,17.600506,18.469347,16.687761
133.0474328783454,11.675567108053828,1.1467712532344159,-11.312828248032421,-2.960140810764551,14.074452,14.390165,13.596324
132.98015305512942,11.592638913347807,1.126502588701083,-10.84565753067352,-2.701966533142068,13.891024,14.193909,13.427225
132.82418653744352,11.521903489749251,1.166567563269717,-10.78091550840376,-3.0811342857769706,19.24656,20.594364,18.170818
132.73001873364126,11.520703928297701,1.1778103885999522,-10.910806694201739,-3.019197373989734,13.999897,14.3102,13.525227
132.72102287875396,11.522250361479744,1.1694071841513647,-10.959891791702546,-3.163608800992405,13.230782,13.524049,12.771653
132.9948292964705,12.032108482690813,1.1498805939341725,-11.078814736136048,-2.5444678013208515,15.371176,15.814658,14.765974
133.0773429470005,11.740646176154268,1.175932797447876,-11.137258217256363,-2.9949166758739376,10.147911,10.686784,9.458681
133.08219629877846,11.872998665282891,1.1907484098363519,-10.681581135582064,-3.1227024172669964,15.839399,16.366978,15.159467
132.50005511409978,11.946678679681412,1.1416691827051262,-10.678097100959368,-2.9511988715135544,13.381305,13.670511,12.934327
132.99336925069449,12.038597850951474,1.160693428314468,-11.084387797003606,-2.999105047453262,18.03675,19.092655,17.026205
133.0392370473044,11.646590377961875,1.1207519728350805,-10.982599533008957,-2.825900217334751,14.867337,15.254405,14.310233
133.09254748238055,11.817490410285446,1.1870506926029027,-10.849965110905362,-2.732964051584993,14.705977,15.098598,14.142185
132.97156563582467,12.058883053659038,1.1287080324056935,-10.998794663051527,-3.2501542676336257,13.758011,14.062904,13.29232
133.0778133194612,11.723495850329515,1.1919295679244553,-10.99493394638908,-2.775075451167263,12.536666,12.827302,12.087431
132.51786717469287,11.649723028597998,1.107446972731127,-11.065869325033443,-2.7845460682499734,17.15753,18.121813,16.186865
133.09094399354214,11.77963182686451,1.1007966365833721,-10.837775187169424,-2.91125059358954,13.604394,13.897722,13.151482
133.09454308843354,11.813894488068827,1.1419076461708992,-10.845242756266599,-2.77962142700506,14.483813,14.833854,13.967599
132.46916234994967,11.759781486473296,1.1691726614826008,-10.747497214449726,-3.07268909006122,15.636947,16.113472,15.003998
132.9155928047227,12.097725883315768,1.116979133626179,-10.823778513563518,-3.042734345575095,15.490493,15.977258,14.848173
132.60535496200546,12.07755477489859,1.1335659170397616,-10.765981225379736,-3.050751812815486,16.909548,17.70143,16.043985
132.48669417880745,11.692484141091276,1.1905377048633794,-10.755941557829187,-2.8114282804019197,9.409208,10.080609,8.621808
132.95795286086658,11.555134702144878,1.1425857273235593,-11.271696602158784,-2.841572816798314,12.569078,12.858162,12.121825
132.81470177695323,12.130546736287656,1.157236265710509,-11.230219934795581,-3.111789337211685,19.516613,20.596931,18.38001
133.0557704603142,11.653832498216907,1.100589660180717,-10.604525348443524,-3.0714795154810206,17.517235,18.636566,16.470387
132.96998294476305,12.071933166586588,1.1735495344219293,-11.088343508536692,-2.697351838262964,12.538585,12.840387,12.076372
132.92644772978355,11.535298813955471,1.1928781905188317,-10.862737922585737,-3.128323253270955,13.050789,13.340482,12.60132
132.4859202538184,11.948121031923783,1.1831899504392334,-11.10021758059955,-3.067789292311728,13.127889,13.415568,12.680127
133.06474731628896,11.665751606894847,1.1527708267897485,-11.038020423829805,-2.899143299681704,15.692035,16.253447,14.979958
133.01756872537266,11.600037805755482,1.1560790802487906,-11.299696101293957,-2.902210531543128,15.832096,16.470638,15.068631
132.96554980137256,12.079669720990868,1.155380039750886,-10.777908587945385,-3.0203089140943353,13.310611,13.605528,12.856052
132.45395869194078,11.806884487027206,1.1430784815537862,-11.09210047405632,-2.895748591287896,15.134989,15.650294,14.46571
132.5008523026558,11.982654830581104,1.1916981344606936,-10.736320839686766,-2.7255943548034134,17.611038,18.51102,16.684778
132.6613272946694,12.115154439231562,1.1587257774885587,-10.757235997169659,-2.874493891298476,17.647688,18.575922,16.7108
133.02522571725046,12.029340676296462,1.1387100625459439,-10.987353900366806,-2.932096321470887,15.678186,16.175762,15.027198
132.6341480927761,11.53016034004737,1.1518183420410624,-10.656739561213747,-2.9837349919588023,15.192,15.710498,14.5135145
132.83487498904432,12.133416489781947,1.115480809476049,-11.027055232397053,-2.76491422696026,15.7027025,16.194483,15.049022
132.8462328592039,12.131621748002345,1.1371465730154535,-10.767669322973678,-2.9123536053306918,14.842712,15.222077,14.295039
132.98842899762934,12.067033301306331,1.171892606776203,-11.305508570803985,-2.9865505740102773,19.390787,20.612656,18.263052
132.76823575866436,12.140145801880488,1.1616089197820474,-10.8954597414788,-2.905351871322352,13.141925,13.444861,12.678912
132.46791069444967,11.709643876875083,1.16509970300262,-10.718203424463727,-2.8073351488609317,18.786226,19.940275,17.734386
132.53872086747586,11.594979165723164,1.1856122329244592,-11.049049515833149,-3.2217935967661284,16.96763,17.711668,16.119972
132.59406939106276,12.086272823632097,1.1862181835380194,-10.999895880106097,-2.834406587382142,13.75739,14.057546,13.29687
132.4537859195311,11.755383224727431,1.1122934042411217,-11.012097225657627,-2.7362440931590495,18.3508,19.665318,17.24168
132.66003698019784,12.122141766313215,1.122858137026619,-11.145336682816662,-3.022400468942978,13.524892,13.814017,13.079811
132.7860555957405,12.145659005648666,1.1211968876546707,-10.875779175582096,-2.7858211773094874,17.05594,17.834845,16.193558
133.1174517023467,11.809998256376355,1.1127512727768967,-11.216765483505487,-2.860334253094834,16.683075,17.387062,15.880193
132.66570736748642,11.505086224441865,1.145734794239688,-11.060060295335271,-2.8501872449098116,16.619219,17.375898,15.770074
133.00646393985858,12.065051743442057,1.1588235464189354,-11.315326371737722,-3.087087595702142,14.051254,14.375919,13.564166
133.01437332167865,12.058314856768751,1.1924418402398214,-11.27952822849337,-2.470249344604083,12.827336,13.110297,12.387332
133.11646842251736,11.866777152191357,1.152612796694669,-10.992770537078403,-2.702598643259662,17.278978,18.093893,16.383467
132.66038916287926,12.129373861086643,1.1387764097927688,-10.815857834918905,-2.9948787940406114,13.014684,13.307289,12.56536
133.0899698867872,11.95735423763961,1.1318515780002567,-10.894541033594024,-3.1410505982139347,15.275958,15.707812,14.676355
132.76138934820767,12.151085777200095,1.1680926281287092,-11.217491785779021,-2.5927459596586955,16.125412,16.703503,15.405824
133.12004356807475,11.855430869921657,1.1204969918397103,-10.54810270998697,-3.2064429853948324,19.067894,20.34486,17.95167
132.6626495773259,11.501978910429749,1.171919203472662,-10.862540136277682,-3.0843589698851575,16.00579,16.542921,15.322859
133.07243437882468,11.641352738950808,1.162954878658609,-11.359760116814634,-2.8325885793357966,16.09723,16.76832,15.306413
132.71883452949578,12.149087565248232,1.12500794803951,-11.005465873935508,-2.7225417250481563,15.258637,15.675719,14.671843
132.6817747301874,11.492399961324606,1.1333438379700798,-10.865956921788044,-3.052377224527993,15.368779,15.81424,14.7606945
133.05033279019898,12.029703121429367,1.1175005639817286,-11.707346506069475,-3.3900681785802185,15.289084,15.761664,14.64536
132.4775388438392,11.64932126255507,1.170721620143177,-10.932256926382285,-2.912689704100739,18.354195,19.583641,17.261162
132.57931551440046,11.53826966989022,1.1315310929740943,-10.775035937120624,-2.864502926562855,16.207754,16.79376,15.487231
133.05459402118822,12.027148379331832,1.1574545662761666,-11.316150956315457,-2.8776544850493933,16.28684,17.040129,15.444612
132.99967871099096,12.083027369596387,1.1974625837613577,-11.143961875113302,-2.8857116895900465,12.646977,12.945667,12.188929
132.57923046269298,12.097319968099994,1.188203804096045,-10.97418183030301,-2.908404555179721,16.028463,16.589584,15.324606
132.7334683384659,12.157997828007328,1.1720334661995724,-10.889207617792554,-2.8801927530193048,13.204584,13.480433,12.769232
133.01765385767197,11.563539979988047,1.1759935628026776,-10.920152399115965,-3.0752519536967733,17.630356,18.54518,16.706484
132.73417936827315,11.475443299766376,1.1581514388735228,-11.095423136633581,-2.6786444425944844,15.728919,16.232393,15.072271
132.7420983238022,11.473527977797364,1.1743690902129125,-11.035841246482757,-2.956499923973414,17.05509,17.818674,16.18916
133.07889581697117,11.632256597543584,1.1216282025178883,-11.054560708549928,-3.0123067889958524,15.905231,16.42329,15.23187
132.6326638460881,11.502093527381815,1.106011818102264,-10.956698840092784,-2.7274711623095973,15.386318,15.832812,14.773345
133.13084218561468,11.864248842230008,1.1712627032770904,-10.907533657929193,-3.068279967340631,13.566598,13.8597555,13.112148
132.4390021854483,11.918445275517167,1.1917400672397604,-11.0158628859533,-2.967139879540479,16.32853,16.930975,15.589248
132.62393591663326,11.503483722001427,1.1884691727308325,-10.784635499502134,-3.031158452140186,17.803898,18.69712,16.840918
133.03714490559122,11.573456765437408,1.109152957233345,-11.637217856320415,-4.214365904030114,15.645964,16.151531,14.980957
132.46351616031455,11.98365956572703,1.1130144185026152,-10.32542370774966,-4.3286646011462215,19.635551,20.85021,18.492746
132.53753084145885,11.557221413657333,1.133119926009633,-10.555188322934045,-2.784064303193599,14.048451,14.350169,13.586893
132.98697241030112,12.10516450847321,1.1827862494009937,-11.05927586110408,-2.673509545320431,17.850863,18.78794,16.904623
132.62443059671952,12.135267788354575,1.148896149245945,-11.102861193962344,-2.8352851729083532,12.430536,12.740717,11.959896
132.7272462496178,12.167618977006166,1.1416986119937134,-11.008224112704209,-2.910811622277783,16.82277,17.545166,15.999093
132.93715104303715,12.136441724235725,1.146247128039573,-10.805466385862866,-3.0931372859919968,13.560265,13.853412,13.107309
133.13778881672522,11.756680638614961,1.1363185255240893,-11.11778821292108,-2.9653402877836017,13.550175,13.840444,13.100302
132.9692751804121,11.513021898337534,1.1530682551257954,-10.906218556958287,-2.736487562296405,13.591028,13.879345,13.142441
132.91766143197816,12.147584736759962,1.1957749517165586,-10.973871923714652,-2.8885170919390504,16.77069,17.501438,15.933643
133.14454520817034,11.833506191246462,1.1341055231839268,-10.605717059564778,-2.8668932027988294,19.189928,20.402498,18.094624
132.4286582814481,11.719098809658549,1.1505987118170358,-10.332780070388875,-2.938868812406864,12.556582,12.845843,12.106691
132.69592754536365,12.170191041429607,1.1399150776506994,-11.113513422037363,-2.892677017445739,12.497732,12.840584,11.992385
132.44905831010325,11.980702618949046,1.1517035789481922,-10.936121844945625,-3.1951559458538035,13.207407,13.49508,12.761077
133.09261975391976,11.61301518339886,1.1980525111007962,-10.540792885103293,-2.8065177556210252,16.461048,17.162117,15.640898
132.87532463528183,11.458748999953018,1.1529961740630323,-10.894505073014635,-3.030145289966339,14.441525,14.783627,13.933902
132.5824648553664,12.133515616673145,1.1705399814763606,-10.839667757237343,-2.9061781343298128,18.0642,19.129622,17.071178
132.68986180847463,12.177706325967653,1.1328045243539713,-10.963246338126734,-3.0368199632489423,14.462305,14.88123,13.881032
132.80217308542797,12.188140147110735,1.1324341918394667,-11.056493358485303,-2.9782217133348494,14.222943,14.5586605,13.723833
132.58565502875317,11.496748996213013,1.1034820467525404,-10.82276455678759,-2.8678653722402965,15.383015,15.829051,14.774907
132.81306021024957,11.445161160460767,1.1654125854104487,-10.883815849483836,-2.8745912570515872,13.0150175,13.311026,12.56186
132.7142022770794,11.448361820027849,1.144590050732567,-10.816994916996151,-2.857897131253379,16.62562,17.32628,15.816951
132.43918498060276,11.646762421718114,1.1441052736663366,-10.832271709273996,-2.972591394573435,15.534893,15.993551,14.911435
133.11042422672472,11.627585499681503,1.1404378752939757,-11.278350722408353,-2.7449566280170323,15.48848,15.993268,14.823565
132.8788428100421,12.180299612210078,1.1860312245908633,-10.932708030489874,-2.7716653362092876,16.402733,17.033478,15.638555
133.1644378747267,11.821555281990971,1.1006506091847656,-11.129027589959069,-2.9959947717930957,17.126034,18.108011,16.156424
132.39479566185955,11.788073722124942,1.1262589774114633,-10.796357555437972,-2.7469916131001404,14.189812,14.507525,13.708784
132.82514916621446,11.441373906810169,1.1813368205747719,-11.027326357971074,-3.1597861018058175,13.097951,13.38877,12.647377
132.3943557115092,11.857126084403252,1.1511949907027392,-10.881571126214457,-2.7688287467121304,9.094762,9.781618,8.298232
133.15008340015441,11.930657434862093,1.1259749572363298,-11.666799994873012,-2.7820708443153164,16.26802,16.886787,15.511423
133.15724213863686,11.725415912039214,1.1709591839226479,-10.725918859910923,-2.8167633964590015,15.716253,16.269745,15.005752
133.16029349552159,11.898936602283255,1.120753585624436,-11.017936012891525,-2.999875624255834,13.508189,13.799215,13.0579605
132.48749004029187,11.565073468356323,1.1389922201124276,-10.917641145607483,-3.06502341203307,15.059569,15.462943,14.495015
132.5340629377637,12.116131767329408,1.1526976505645552,-10.828837269882712,-3.08656374913497,16.569128,17.223171,15.788786
133.13849202651664,11.655863246377475,1.1563951832002584,-11.2374232762267,-2.8396205974767774,15.831039,16.335426,15.168096
133.17456261840178,11.802651440926534,1.1401711821949558,-10.976789010793944,-2.6031229217206953,18.76508,20.01203,17.643242
133.04566489986095,11.530330529683916,1.1698836129931296,-10.988945658605942,-2.6463775334936304,10.587041,11.162599,9.869245
133.16067879053261,11.707593519021644,1.1067392699870384,-11.029461250218581,-2.6501291376658997,16.547073,17.209265,15.761955
133.17174852875033,11.740963431369007,1.1115477124945732,-11.029062458204818,-2.9561374035320176,16.386658,17.015116,15.637509
133.14845952145765,11.981164404375486,1.1289077918605201,-10.977503439739637,-3.0873929791483334,13.277875,13.588268,12.805144
133.18499571416893,11.817467860791156,1.1270508113483457,-10.650556835053736,-2.6951211256835075,15.631971,16.275284,14.857775
132.56448087840616,12.15443659256862,1.1466730185239116,-10.982577008117417,-2.8985413052210913,16.781284,17.478111,15.972361
132.85116287443708,12.211035306171157,1.161483913317375,-10.840815357197442,-3.0995738785761584,15.915327,16.43765,15.242442
133.18792427366168,11.787676558606238,1.142909376125966,-11.459578008154878,-3.337320475660444,16.372826,17.065014,15.559773
133.15682886854972,11.659671812927643,1.198943942753606,-11.15361577401293,-2.8340813945874466,19.341627,20.516321,18.19318
132.68813722893813,12.209024053004764,1.1478963554418762,-11.29945623852947,-3.113137701376855,18.009321,19.198883,16.927185
132.4381456715036,12.04085004079514,1.1297047483040137,-10.999470978948013,-2.593279515080421,13.389088,13.669104,12.950987
132.54846187588635,11.481838380866838,1.1835307268019761,-10.93753734294685,-2.9219575324129656,17.001232,17.776869,16.155851
132.39236621791525,11.67633537888387,1.1317665336999316,-10.8419047853375,-2.948452606303729,15.992601,16.540833,15.300859
133.1797464172524,11.71372067900067,1.103079877440067,-10.847218237587168,-2.922374601870983,19.11909,20.479856,18.051058
133.19367413734463,11.816052220823583,1.1523082073150377,-11.151907668224656,-2.568047407523526,14.427105,14.843043,13.847182
132.77965237561125,12.221998530863981,1.1305049514428447,-11.04633678550465,-3.149733071009195,15.204648,15.622,14.619848
132.64419962435704,12.199678541947588,1.1483328705688762,-10.85092297571538,-2.995680607997095,15.01497,15.418218,14.447208
132.3655387220416,11.815900713452754,1.1736157935713885,-11.03844603007079,-3.214758097443144,19.509956,20.892202,18.396894
133.06136403339744,11.518703625496727,1.143756697211575,-11.082338306846758,-2.6936241371397873,12.675331,12.950386,12.247072
132.91537281002013,12.203017014233032,1.1365107156660572,-10.665785451005275,-2.9119395758313757,15.329233,15.785641,14.708111
132.84974869133723,11.41369687300574,1.1383217473343883,-10.931947756545823,-2.7417537125799676,13.148294,13.432406,12.702182
132.44229787610752,12.058355801192642,1.1527814260330285,-10.804619214661553,-2.8656147752964922,15.324436,15.759622,14.724346
133.1497921246917,11.623532507119325,1.1685711653978457,-10.708912426265975,-2.8833629801761793,14.830228,15.218017,14.272186
133.1895473306686,11.912692948589376,1.1332857197357402,-10.889107088403513,-2.8122513274561634,14.454188,14.796525,13.945246
133.07201443265944,12.11822388121908,1.1353895564461713,-11.049611551701085,-2.9106102852320084,15.056689,15.463791,14.48299
132.40258672845437,12.012351924998965,1.1559620924680631,-11.192996889132594,-2.3531783121339416,19.636671,20.76698,18.479036
133.1614001755476,11.62755525222722,1.169150069420193,-11.210438058219761,-3.3206204559564076,16.655602,17.363558,15.849131
132.35514012716703,11.765474687014445,1.1092145312133743,-10.732759509271544,-2.910001511431659,15.611175,16.08574,14.98348
133.20513512727044,11.868961569546407,1.1519569504469271,-10.863075974366378,-2.7593568658349534,13.348781,13.637129,12.900452
132.95206704232163,11.427106639464892,1.1563356285063975,-10.918294172903781,-2.8265332596625363,12.962245,13.259376,12.506748
133.12820868227615,12.071358065332051,1.1628248034510882,-10.691631060828211,-2.796256471436334,13.060335,13.359135,12.598963
132.8625656943096,12.235741810534659,1.1986862537454122,-10.997628881792505,-2.9122630706140367,17.344692,18.179113,16.44491
133.00561220254997,12.186138688368146,1.1354807688578596,-10.624189625153516,-2.843592649384046,13.519313,13.814169,13.064117
133.0376870330997,11.467104244354237,1.1452746975719046,-11.109654981755499,-2.8446502073414113,13.140885,13.424926,12.692524
132.34911216427352,11.91021527411009,1.1821101215965053,-10.90793835393578,-3.1026995113544817,15.316563,15.754249,14.719474
132.53251617522432,11.459401987668286,1.1958262891303546,-10.7512647482645,-2.702010705643323,18.453753,19.553127,17.439339
133.19852066313993,11.957266011211006,1.1031329106479288,-11.231683440345508,-2.8280683333298926,14.631114,14.987229,14.10958
133.1859680792709,11.64480425568899,1.1716537246727672,-11.028478188089556,-2.6069006183550414,16.438288,17.076254,15.6744175
132.85114939975372,11.388125297348465,1.1537852378067346,-11.078434808363085,-2.691712018221767,13.011026,13.3024845,12.56322
133.19759137452365,11.969061822308982,1.131091271751489,-11.073866007092136,-2.6979816933500844,14.777056,15.152422,14.236844
133.22519419011655,11.853195238392635,1.1213116107968897,-11.02961791484315,-2.626262643820449,18.048517,19.121872,17.041248
133.14221181714262,12.074767164470487,1.1248375260764827,-10.929379469928438,-3.2722120498825147,13.109818,13.403134,12.654621
133.18199934003752,11.621586093402572,1.1321454051796456,-10.916077535351324,-2.570561497931733,18.990894,20.365051,17.928453
133.04138765851178,12.175292735862243,1.141229310368942,-11.012594669501297,-2.942824056525592,14.002153,14.318868,13.524559
133.18111911745754,11.610505580026693,1.110024824718389,-10.850281413839424,-2.5933768642787607,15.025004,15.421106,14.467443
133.23432987976173,11.814967642336816,1.1664806125391356,-11.143790670490574,-2.981429492685021,12.279008,12.777445,11.624833
133.22208635391948,11.710159642191318,1.148384858200616,-10.942935600686813,-2.894306532263002,17.167074,17.973955,16.297785
132.59496614484243,12.226978229164565,1.11441650343621,-10.88928543856841,-3.012104430742149,14.041427,14.357749,13.564094
132.8908331098342,11.380828708219632,1.1740150483126517,-11.20109087905628,-2.7015053797169237,12.609519,12.893198,12.168651
132.45524178495324,11.49716691735998,1.1048270997874323,-10.68693104265303,-3.019322349752138,17.160772,17.954477,16.28926
133.22989274429165,11.916880738740497,1.1894204422804926,-10.71983724316227,-2.9246645441947248,16.071657,16.63157,15.370012
133.13624099159514,12.106948114172301,1.1697270637570327,-10.926901848704425,-3.0662190355824595,12.519697,12.818229,12.061578
132.80750796889785,11.363854978178457,1.1072676426076786,-10.941867978916243,-2.9223860683746397,15.308959,15.740557,14.715495
132.31637901521947,11.768190961420173,1.1559292718041014,-10.835323621816627,-3.1352940718284215,12.3931465,12.725215,11.897284
133.03224086711236,12.202288174681257,1.1973017147950153,-10.589883756684198,-2.9105001563519077,16.133268,16.705046,15.417534
132.98140766692794,11.402848515506244,1.1546228221033752,-11.14021812325821,-3.0011032444345016,13.139835,13.426375,12.693227
133.20794129253107,12.008676928908299,1.1061980228986268,-11.583192166167805,-1.9537406315389791,19.671494,20.774137,18.540333
132.31311687357154,11.737432095148256,1.1485588216533122,-10.896451176526142,-3.002567883834895,14.042405,14.354269,13.569694
133.08341951956004,11.460060090955055,1.1764006095470585,-11.239144137620457,-2.7902198344755966,12.240408,12.724093,11.599232
132.4635231847188,12.164991778447138,1.1695066387068414,-10.481754784537827,-3.0094765560900587,16.83582,17.56513,16.022219
133.23229117354663,11.962824866305505,1.1747698144046694,-11.593972698973372,-3.0364788877624393,16.11347,16.67,15.355388
133.1172007518235,11.484407098649921,1.1233096773516908,-11.181919303675286,-2.9364879918259517,17.154366,17.95706,16.282183
132.30225110053738,11.758683977036084,1.1631749825662059,-10.781626724248902,-2.9685832711207496,17.880169,18.91378,16.817137
133.25742183586897,11.751941194332574,1.1617657397657708,-11.988959250271272,-2.8144532364417776,19.47862,20.810186,18.388117
132.34634525588805,12.026931286233824,1.1477507819871064,-11.079700664273144,-2.959305541030317,14.980596,15.373766,14.421723
132.97263375394067,12.251359905055606,1.1776446574837185,-10.823234370581261,-3.018527408800599,17.33302,18.414358,16.282877
132.43408966243018,11.485939979496885,1.1688814167273887,-11.095385660411985,-2.986459986433276,13.359071,13.642789,12.917064
132.31035626317495,11.935515203167402,1.1608814302150474,-10.792956275899957,-2.8202058629696793,14.257893,14.583692,13.767479
132.50156902596976,11.427935504638432,1.1944561482737803,-11.067152092113048,-2.697429804067272,12.602173,12.884671,12.162256
133.24774597993178,11.947294496175703,1.119474856846474,-10.95349650995508,-2.9500028561225475,15.536377,16.007614,14.911952
133.12810028981824,11.484900657708572,1.1471978798789568,-11.163907300706104,-2.8426037812901597,14.300996,14.631618,13.804988
132.2901455825278,11.8074045876034,1.145814021259192,-10.856648847900157,-2.822341617974743,14.509854,14.936626,13.91813
133.05859253999216,12.212282681852493,1.116752239617244,-11.057231636050972,-3.218322341133619,13.580754,13.871098,13.129513
133.25088055400582,11.68123343558752,1.1808788165018222,-11.221132295685909,-3.2454196219720224,14.857042,15.241033,14.294492
132.54835027241114,12.242671525181693,1.1656130107146512,-11.043907581161633,-3.1931693240596286,14.034807,14.348802,13.560293
132.69272093080835,11.33983243026117,1.126998624856429,-11.04118893028686,-2.90416227511451,14.998468,15.392708,14.402118
132.83369483278867,12.302883758277034,1.172402697847742,-11.071971635686753,-3.012712593045652,8.858565,9.637864,8.001138
132.57780399214332,12.266945375472366,1.1463666453012733,-11.018179980135017,-2.964317461228734,13.986189,14.293145,13.517742
133.28213908959654,11.803575143883874,1.1743568146344643,-10.97614651775106,-2.870098525950697,13.524063,13.809959,13.079426
